comment_id,body,score,created_utc,depth
n350r2r,"Yo soy donante de sangre habitual, ya me toca volver a donar pero estoy vago.",7,1752524376.0,0
n352d8u,"Bueno, ya haces mucho más que otros que no pueden hacerlo o no tienen los recursos para hacerlo, te de a ti pereza o no :D",2,1752524823.0,1
n36igek,si done varias veces a familiares y familiares de amigos. mientras no tengas dramas con las agujas no es nada del otro mundo. al terminar te suelen dar algun desayuno ya que luego de donar es posiblemque te baje la presion.,5,1752541185.0,0
n3ggttl,"Gracias por tu comentario. Para mí suerte, nunca he tenido problemas con las agujas así que no será ningún drama. De nuevo, gracias por pararte a escribir aquí",1,1752677834.0,1
n39uj3u,"Buenas ! Soy donante de sangre y encima 0- que significa que cada 4 meses me asaltan a mensajes para sacarme sangre si o si, no tienen compasión 😂 De médula o plasma a día de hoy no me atrevo, pero soy donante de órganos también llegado a su debido momento.",3,1752592036.0,0
n3gfwjo,"Qué bueno. Realmente creo que tienes mucho valor por haber donado alguna vez, aparte del tema de los órganos. Gracias por tu comentario y un saludo",2,1752677580.0,1
n3922ni,"No puedo. En cambio, he recibido sangre y órganos.",3,1752583180.0,0
n3ggm8x,Pues tu comentario me parece una motivación y muy a tener en cuenta. El hecho de que aparezca alguien que diga abiertamente que ha tenido donaciones dice que donar sirve para algo si llega a Personas como tú. Gracias por tu comentario y un saludo !,2,1752677776.0,1
n3a4mhi,"Yo no me he muerto en ninguna de las veces que he donado cuando pasa el autobús de cruz roja por el pueblo, pero a lo mejor he salvado alguna vida, así que ¿Por qué no donar?",3,1752594861.0,0
n3gg2ha,Pues tienes razón. Realmente me parece un comentario con mucha lógica el tuyo.  Gracias por pararte a escribir y un saludo !,1,1752677625.0,1
n37imve,"Sí, en mi familia tenemos la costumbre de cada cierto tiempo donar sangre.
Si no te molestan las agujas es muy buena ayuda para la gente que lo necesita.",2,1752555079.0,0
n3gejty,"Al contrario que algún amigo mío, no me asuntan los pinchazos o las agujas, así que creo que no tengo problemas en ese sentido. Gracias por tu comentario, fue motivante :)",1,1752677202.0,1
n37sm82,Por ahora solo sangre,2,1752560087.0,0
n3gecpn,"Pues eso es mucho mejor que nada  :)
Hay gente como yo que nunca ha podido o tuvo la oportunidad de empezar a donar",1,1752677146.0,1
n3gqxf1,"No sé si vives en España, en donde vivo, sean barrios o pequeños pueblos siempre de vez en cuando se ve carteles del centro de hemodonación.",2,1752680590.0,2
n3ged6a,"Solía donar regularmente, ahora he parado porque me tatuo más a menudo de lo que recomiendan esperar entre tatuaje y donación",2,1752677150.0,0
n3gh6ga,"Bueno, el hecho de que hayas donado alguna vez antes del asunto del tatuado me parece que es algo que merece la pena contar por la buena acción que hiciste en el pasado. Al menos yo lo veo así, gracias por tu comentario por cierto",1,1752677931.0,1
n3ghk8y,"Empecé cuando venía una campaña al instituto y seguí durante años,  no cuesta nada y seguramente ayude",2,1752678037.0,2
n3gi4o4,"Pues sí, tienes razón.  Yo en mi caso donde estudiaba nunca hubo campañas de ningún tipo pero me alegra ver que en otros lugares es una práctica algo más común y como tú dices algo de ayuda aportas de esa forma también",1,1752678195.0,3
n3joxb7,soy donante de todo (órganos y tejidos) pero últimamente no he podido donar sangre pq estoy baja de peso.,2,1752712657.0,0
n3uqpiu,"Realmente, creo que la gente como tú tenéis mucho mérito, por hacer un acto voluntario de ese tipo. Espero que recuperes dentro de poco tu peso ideal. Gracias por el comentario y un saludo !",1,1752860218.0,1
n3mfkrs,3 veces,2,1752756835.0,0
n3uqgvt,Me alegro. Ya has hecho más esfuerzo que muchos que nunca lo han hecho por ciertos motivos o simplemente por pereza. Un saludo y gracias por el comentario!,1,1752860150.0,1
n3ogqj2,Más bien soy la q ha recibido 🫠 si estás en capacidad de donar puedes hacerlo. A alguien le ayudarás :0,2,1752777660.0,0
n3uqc7z,"Pues muchas gracias. Tu comentario es una motivación, leer que a alguien le ayuda actos como estos pues es una inspiración.  Gracias por tu comentario !",1,1752860114.0,1
n370uo2,"Qué bueno que te animes a donar, sirve un montón a las personas que lo necesitan!",1,1752547666.0,0
n3gf1ck,Muchas gracias ! Tu comentario es una motivación para mi. Ahora empiezo mi épica de vacaciones y me parece un buen momento para acercarme a un hospital y empezar a hacerlo. Gracias por el comentario y un saludo !,1,1752677338.0,1
n3hsaiq,"No hay de qué! Yo soy voluntaria en una ONG donde constantemente estamos dando una mano con donaciones de sangre y siempre me llamó mucho la atención la cantidad de personas que donan de manera habitual. Es un hermoso gesto que salva vidas, así que ánimo y mucha suerte. Ojalá sea una bonita experiencia para vos y que veas el gran impacto que tiene ❤️",2,1752692223.0,2
n3huhdy,"Muchas gracias por tus ánimos. Realmente me animas. También, gracias por toda la labor que haces y tu hermoso gesto. Más gente como tú necesita el mundo. Un saludo y gracias de nuevo por todo :D",1,1752692830.0,3
n3v7eoe,Muchas gracias 🫂 Luego contanos como te fue donando!,2,1752865027.0,4
n37d5h8,Vaias veces..,1,1752552607.0,0
n3geu3x,"Me alegro, pese a los pinchazos de la aguja, seguro que fue un orgullo hacerlo y alguien te lo habrá agradecido en algún lugar del mundo. Un saludo !",1,1752677282.0,1
n3hq7ae,"Si, lo hice principalmente para conocidos y parientes de amigos, hasta que me pesque una hepatits y el medico me dijo que ya no podria continuar donando..
Si puedes hacerlo, pues esta muy bien ayudar, sobre todo esto. No mucha gente lo hace.  Un saludo para vos también.",2,1752691654.0,2
n3hqplh,"Vaya, espero que estés ahora mejor. En cualquier caso, te doy las gracias por las donaciones que hiciste a gente en su momento, incluso si fueron conocidos tuyos",1,1752691792.0,3
n3hrtxr,"Si, por suerte sali bien de esa, como 2 meses en cama pase.. Segun el medico, si vuelvo a donar la pasare el virus que quedo en mi sangre, pudiendo generar la enfermedad en el receptor",2,1752692098.0,4
n3hu74p,"Entonces lo mejor es que te cuides tú primero. La salud de uno es más importante que otras cosas. En serio, cuídate. Pero me alegra leer que saliste bien de eso :)",1,1752692750.0,5
n3hulh4,Ya hace 30 años de eso. 😅,2,1752692862.0,6
n3i5bbz,"Ah, de acuerdo 😅",1,1752695918.0,7
n38m9hm,"Soy donante de sangre y plasma desde los 18, ahora voy a cumplir 30. Es verdad que llevo un tiempo sin poder donar por medicación, pero estoy deseando que me la bajen para poder volver a hacerlo.

También me apunté al registro de médula. Hay gente que no lo sabe, pero te sacan un botecito y, si en algún momento eres compatible con alguien, entonces se realiza la donación. Y normalmente es también como una donación de plasma.

Si te apetece, siempre es bienvenido, más en verano que hay pocas reservas.",1,1752576682.0,0
n3ge7sq,"Honestamente, creo que debes de sentir orgullo por haber hecho donaciones durante tanto tiempo. Yo al menos me sentiría así si estuviera en tu lugar. Gracias por la información de lo de la médula, me lo pensaré. Un saludo 👋",1,1752677108.0,1
n39f7yg,"La sangre es un negocio que mueve millones de euros.

Haced por vosotros mismos una búsqueda por internet de cómo se mueve ese negocio y cómo a través de este, instituciones como Cruz Roja ingresan dinero en sus arcas.",1,1752587586.0,0
n3gdxsp,"Gracias por tu comentario. Por lo que he podido leer de otros compañeros, me han comentado que la forma más segura de que eso no pase es que me vaya directamente al hospital de la ciudad a hacer una donación y que no me vaya a intermediarios tipo la Cruz Roja, de forma que creo que así lo haré. Gracias por tu escrito y un saludo",1,1752677028.0,1
n3bqce2,"yo aún no porque recién alcancé la mayoría de edad, pero mi papá fue donante de sangre durante muchos años cuando nació mi hermana menor.


ella tenía una sangre poco común que él le heredó y al investigar de algunas cosas porque quería ser un buen padre para ella, se decidió por empezar a donar para otras personas con el mismo tipo de sangre para ayudar a otras personas.",1,1752610829.0,0
n3gd5jl,"Esa es una muy buena historia ! Realmente me ha gustado leerla. Creo que tu pare intentó hacer un mundo mejor haciendo eso, y eso siempre está bien. Gracias por tu comentario y un saludo",1,1752676808.0,1
n43qegw,"un saludo. y si estabas pensando en donar sangre, entonces faitin",2,1752979956.0,2
n3dosfm,"No he donado pq básicamente me ha dado pereza jaja, pero si lo haces es una gran ayuda a la comunidad sanitaria, sobretodo dependiendo de tu tipo de sangre.


Si eres un O- básicamente estarías obligado a donar por las oportunidades q das, en mi caso q soy AB+ pues si dono o no tampoco será gran diferencia",1,1752633895.0,0
n3gcwhx,"Bueno, quien sabe. Una donación venga de donde venga puede ser una gran ayuda. Yo no daría por perdida la oportunidad pese a que el tipo de sangre sea más o menos parecida. Aún tengo que saber cuál es la mía. Gracias  por el comentario y un saludo !",1,1752676736.0,1
n3enna0,"Donaba, pero deje de hacerlo por tanta enfermera que no sabe encontrarme la vena o que directamente es una salvaje con ella. Las ultimas veces se me dormia el brazo, acaba con un moraton y a veces me dolia el moverlo 1-3 dias. Deben mejorar las tecninas y mira que soy o+ y mi sangre es cotizada.",1,1752650320.0,0
n3gcm58,"Pues ya lo siento mucho, porque no hayan sabido hacértelo bien. Supongo que hay profesionales y profesionales en el mundo de la medicina. Un saludo y  gracias por el comentario",1,1752676654.0,1
n3f0xyy,"Mi madre era donante habitual y está muy bien porque le hacen una analítica básica a la sangre que le llega por correo, así que de paso es un buen control constante. Ahora no le permiten ya donar por la edad. Yo no puedo por el peso, si estás por debajo de un umbral no te permiten.",1,1752658029.0,0
n3gcedl,"Creo que es un orgullo que tu madre haya donado.  En mi familia no hay nadie que lo haya hecho, así que en mi caso. Yo sería el primero. Un saludo y gracias por el comentario",1,1752676593.0,1
n3shqmm,Una vez nos sacaron muestras en clase para ver si podíamos donar (veíamos clase en el hospital) y así descubrí que tenía anemia,1,1752833895.0,0
n3uq71c,"Bueno, al menos sirvió para algo y pudisteis ver tempranamente que lo tenías. Supongo que habría sido peor si lo hubieras descubierto mucho tiempo después",1,1752860073.0,1
n3559vl,"Yo paso, te roban el alma y los trigliceridos.",1,1752525636.0,0
n357x3k,"Hombre, tanto como el alma no sé que decirte, pero yo no soy el mejor para responder que soy un novato en eso 😄",3,1752526379.0,1
n37f9of,"Estaba ironizando. Dona la sangre siempre que puedas en hospitales públicos, no en centros de hemodonación privados. Y no presumas de ello.",3,1752553544.0,2
n3gfciw,"Muchas gracias por el comentario, lo tengo en cuenta. Realmente no creo que vaya a intermediarios y me vaya directamente al hospital a hacer una donación. No soy mucho de presumir, la verdad. Ya que creo que le quita valor a las cosas. Gracias por tu comentario y un saludo",1,1752677424.0,3
