query,subreddit,post_id,title,created_utc,num_comments,score,permalink,url
piercing donar sangre,lasaventurasdeenrique,1qmb0dq,"como que que... que para ""no donar sangre"" la revista esa de JAL... puros marihuanos...",1769320893.0,0,1,https://www.reddit.com/r/LasAventurasDeEnrique/comments/1qmb0dq/como_que_que_que_para_no_donar_sangre_la_revista/,https://i.redd.it/h74gwnzcrffg1.png
piercing donar sangre,malaga,1qhkad5,¿Hacen falta donaciones de sangre para los afectados?,1768864878.0,5,12,https://www.reddit.com/r/Malaga/comments/1qhkad5/hacen_falta_donaciones_de_sangre_para_los/,https://www.reddit.com/r/Malaga/comments/1qhkad5/hacen_falta_donaciones_de_sangre_para_los/
piercing donar sangre,latinoamerica,1qczstt,"Donación de Sangre en Astoria, NY: 21 de Febrero!",1768425615.0,0,1,https://www.reddit.com/r/latinoamerica/comments/1qczstt/donación_de_sangre_en_astoria_ny_21_de_febrero/,https://i.redd.it/2uhtdhfatddg1.jpeg
piercing donar sangre,panama,1q8l8pb,Jornada de Donación de Sangre,1767994912.0,0,8,https://www.reddit.com/r/Panama/comments/1q8l8pb/jornada_de_donación_de_sangre/,https://i.redd.it/pz2mx17l8ecg1.jpeg
piercing donar sangre,ticos,1q57bes,"Donar sangre, peso más de 50kg",1767669522.0,4,7,https://www.reddit.com/r/Ticos/comments/1q57bes/donar_sangre_peso_más_de_50kg/,https://www.reddit.com/r/Ticos/comments/1q57bes/donar_sangre_peso_más_de_50kg/
piercing donar sangre,guatemala,1pzqkmt,Cómo donar sangre,1767121261.0,6,3,https://www.reddit.com/r/guatemala/comments/1pzqkmt/cómo_donar_sangre/,https://www.reddit.com/r/guatemala/comments/1pzqkmt/cómo_donar_sangre/
piercing donar sangre,valencia,1pflwya,¿Dònde se pueda donar sangre?,1765015885.0,4,9,https://www.reddit.com/r/valencia/comments/1pflwya/dònde_se_pueda_donar_sangre/,https://www.reddit.com/r/valencia/comments/1pflwya/dònde_se_pueda_donar_sangre/
piercing donar sangre,cordoba,1pd2zw2,Donar sangre,1764765391.0,2,3,https://www.reddit.com/r/Cordoba/comments/1pd2zw2/donar_sangre/,https://www.reddit.com/r/Cordoba/comments/1pd2zw2/donar_sangre/
piercing donar sangre,paraguay,1otb5dn,Puedo donar sangre si consumí?,1762773518.0,37,0,https://www.reddit.com/r/Paraguay/comments/1otb5dn/puedo_donar_sangre_si_consumí/,https://www.reddit.com/r/Paraguay/comments/1otb5dn/puedo_donar_sangre_si_consumí/
piercing donar sangre,mendoza,1onldty,Donación de Sangre,1762198128.0,3,5,https://www.reddit.com/r/Mendoza/comments/1onldty/donación_de_sangre/,https://www.reddit.com/r/Mendoza/comments/1onldty/donación_de_sangre/
piercing donar sangre,derechogenial,1ogm7pl,"Si voy a donar sangre para una operación, me dan el día libre?",1761489415.0,5,4,https://www.reddit.com/r/DerechoGenial/comments/1ogm7pl/si_voy_a_donar_sangre_para_una_operación_me_dan/,https://www.reddit.com/r/DerechoGenial/comments/1ogm7pl/si_voy_a_donar_sangre_para_una_operación_me_dan/
piercing donar sangre,mexicali,1nuwq7x,Donar sangre,1759286404.0,4,1,https://www.reddit.com/r/Mexicali/comments/1nuwq7x/donar_sangre/,https://www.reddit.com/r/Mexicali/comments/1nuwq7x/donar_sangre/
piercing donar sangre,writestreakes,1nou53g,Streak 6: Donar Sangre,1758663267.0,2,1,https://www.reddit.com/r/WriteStreakES/comments/1nou53g/streak_6_donar_sangre/,https://www.reddit.com/r/WriteStreakES/comments/1nou53g/streak_6_donar_sangre/
piercing donar sangre,mexico_videos,1ni3785,Donar sangre en México: solidaridad que brinda calidad de vida y atención médica segura,1757983127.0,0,1,https://www.reddit.com/r/Mexico_Videos/comments/1ni3785/donar_sangre_en_méxico_solidaridad_que_brinda/,https://www.youtube.com/shorts/HqniHjYHYHc
piercing donar sangre,mexico_videos,1ni1txi,Donar sangre en México: solidaridad que brinda calidad de vida y atención médica segura,1757979403.0,0,1,https://www.reddit.com/r/Mexico_Videos/comments/1ni1txi/donar_sangre_en_méxico_solidaridad_que_brinda/,https://www.youtube.com/watch?v=7JNInSB3bQ4
piercing donar sangre,mexico_videos,1ng5fn4,Solicitan apoyo para donar sangre a víctimas por explosión de pipa en Iztapalapa,1757789223.0,0,1,https://www.reddit.com/r/Mexico_Videos/comments/1ng5fn4/solicitan_apoyo_para_donar_sangre_a_víctimas_por/,https://www.youtube.com/watch?v=7WBqw6UySsU
piercing donar sangre,puebla,1nea18s,Donde donar sangre,1757600316.0,8,2,https://www.reddit.com/r/Puebla/comments/1nea18s/donde_donar_sangre/,https://www.reddit.com/r/Puebla/comments/1nea18s/donde_donar_sangre/
piercing donar sangre,mexico,1n52m0e,Se puede donar sangre para otra ciudad en el IMSS?,1756665979.0,1,1,https://www.reddit.com/r/mexico/comments/1n52m0e/se_puede_donar_sangre_para_otra_ciudad_en_el_imss/,https://www.reddit.com/r/mexico/comments/1n52m0e/se_puede_donar_sangre_para_otra_ciudad_en_el_imss/
piercing donar sangre,redditpregunta,1mwph4f,Puedo donar sangre si consumí THC?,1755815732.0,8,2,https://www.reddit.com/r/RedditPregunta/comments/1mwph4f/puedo_donar_sangre_si_consumí_thc/,https://www.reddit.com/r/RedditPregunta/comments/1mwph4f/puedo_donar_sangre_si_consumí_thc/
piercing donar sangre,ayudamexico,1mqd9n6,Puedo donar sangre si fumo marihuana?,1755205596.0,28,10,https://www.reddit.com/r/ayudamexico/comments/1mqd9n6/puedo_donar_sangre_si_fumo_marihuana/,https://www.reddit.com/r/ayudamexico/comments/1mqd9n6/puedo_donar_sangre_si_fumo_marihuana/
piercing donar sangre,mexico_videos,1mjm67f,Donar sangre en México: entre la solidaridad y la gratificación forzada,1754528072.0,0,1,https://www.reddit.com/r/Mexico_Videos/comments/1mjm67f/donar_sangre_en_méxico_entre_la_solidaridad_y_la/,https://www.youtube.com/watch?v=6d4ooNNY2ZU
piercing donar sangre,writestreakes,1miutpe,Streak 30 - donar sangre,1754453340.0,2,1,https://www.reddit.com/r/WriteStreakES/comments/1miutpe/streak_30_donar_sangre/,https://www.reddit.com/r/WriteStreakES/comments/1miutpe/streak_30_donar_sangre/
piercing donar sangre,chile,1m3302b,Hermano me negaron donar sangre por tener cancer testicular hace 15 años .-.,1752846969.0,16,0,https://www.reddit.com/r/chile/comments/1m3302b/hermano_me_negaron_donar_sangre_por_tener_cancer/,https://www.reddit.com/r/chile/comments/1m3302b/hermano_me_negaron_donar_sangre_por_tener_cancer/
piercing donar sangre,es,1lzwwg2,Opiniones sobre donar sangre de forma altruista,1752523369.0,246,124,https://www.reddit.com/r/es/comments/1lzwwg2/opiniones_sobre_donar_sangre_de_forma_altruista/,https://i.redd.it/hhxqg42rbwcf1.png
piercing donar sangre,askredditespanol,1lzwic9,Habéis probado a donar sangre de forma altruista?,1752522494.0,12,1,https://www.reddit.com/r/AskRedditespanol/comments/1lzwic9/habéis_probado_a_donar_sangre_de_forma_altruista/,https://www.reddit.com/r/AskRedditespanol/comments/1lzwic9/habéis_probado_a_donar_sangre_de_forma_altruista/
piercing donar sangre,madrid,1lxy4cr,La Comunidad de Madrid recuerda la necesidad de donar sangre en verano para garantizar las necesidades sanitarias,1752319457.0,10,34,https://www.reddit.com/r/Madrid/comments/1lxy4cr/la_comunidad_de_madrid_recuerda_la_necesidad_de/,https://www.comunidad.madrid/noticias/2025/07/12/comunidad-madrid-recuerda-necesidad-donar-sangre-verano-garantizar-necesidades-sanitarias
piercing donar sangre,mexico,1lvxc9h,Puedo donar sangre si tengo vph ?,1752102730.0,3,0,https://www.reddit.com/r/mexico/comments/1lvxc9h/puedo_donar_sangre_si_tengo_vph/,https://www.reddit.com/r/mexico/comments/1lvxc9h/puedo_donar_sangre_si_tengo_vph/
piercing donar sangre,askargentina,1ll3usk,Donación de sangre🩸?,1750953572.0,2,1,https://www.reddit.com/r/AskArgentina/comments/1ll3usk/donación_de_sangre/,https://www.reddit.com/r/AskArgentina/comments/1ll3usk/donación_de_sangre/
piercing donar sangre,chile,1le7hcj,¿Puedo donar sangre si estoy con tratamiento psiquiátrico?,1750218703.0,31,9,https://www.reddit.com/r/chile/comments/1le7hcj/puedo_donar_sangre_si_estoy_con_tratamiento/,https://www.reddit.com/r/chile/comments/1le7hcj/puedo_donar_sangre_si_estoy_con_tratamiento/
piercing donar sangre,opinionespolemicas,1l4n9ar,Para los que están en contra del aborto: ¿Estaría bien obligar a alguien a donar sangre en contra de su voluntad?,1749198279.0,223,0,https://www.reddit.com/r/OpinionesPolemicas/comments/1l4n9ar/para_los_que_están_en_contra_del_aborto_estaría/,https://www.reddit.com/r/OpinionesPolemicas/comments/1l4n9ar/para_los_que_están_en_contra_del_aborto_estaría/
piercing donar sangre,mexico_videos,1l3lzgs,Japón crea la sangre artificial. ¿Te imaginas no necesitar donar sangre?,1749084236.0,0,0,https://www.reddit.com/r/Mexico_Videos/comments/1l3lzgs/japón_crea_la_sangre_artificial_te_imaginas_no/,https://www.youtube.com/watch?v=Px81atcyi90
piercing donar sangre,guadalajara,1l3k454,Que te evalúan antes de donar sangre? (hospital 180 Tlajomulco),1749078848.0,10,4,https://www.reddit.com/r/Guadalajara/comments/1l3k454/que_te_evalúan_antes_de_donar_sangre_hospital_180/,https://www.reddit.com/r/Guadalajara/comments/1l3k454/que_te_evalúan_antes_de_donar_sangre_hospital_180/
piercing donar sangre,chile,1kyjmtm,Hospital Dr. Hernán Henríquez Aravena hace llamado a donar sangre: las reservas están al mínimo y la necesidad aumenta,1748546523.0,8,25,https://www.reddit.com/r/chile/comments/1kyjmtm/hospital_dr_hernán_henríquez_aravena_hace_llamado/,https://www.prensaciudadana.cl/2025/05/29/hospital-dr-hernan-henriquez-aravena-hace-llamado-a-donar-sangre-las-reservas-estan-al-minimo-y-la-necesidad-aumenta/56455/
piercing donar sangre,redditpregunta,1kqbt7g,Que les ha impedido donar sangre?,1747661614.0,44,1,https://www.reddit.com/r/RedditPregunta/comments/1kqbt7g/que_les_ha_impedido_donar_sangre/,https://www.reddit.com/r/RedditPregunta/comments/1kqbt7g/que_les_ha_impedido_donar_sangre/
piercing donar sangre,ayudamexico,1k4gytv,¿Bloqueado de Donar Sangre?,1745251287.0,2,3,https://www.reddit.com/r/ayudamexico/comments/1k4gytv/bloqueado_de_donar_sangre/,https://www.reddit.com/r/ayudamexico/comments/1k4gytv/bloqueado_de_donar_sangre/
piercing donar sangre,mexico_videos,1jr2kwn,Factor Ciencia - Cómo donar sangre,1743737989.0,0,1,https://www.reddit.com/r/Mexico_Videos/comments/1jr2kwn/factor_ciencia_cómo_donar_sangre/,https://www.youtube.com/watch?v=KZVgqOfEpvg
piercing donar sangre,bucaramanga,1ji2cys,Donar Sangre UIS,1742745168.0,0,1,https://www.reddit.com/r/bucaramanga/comments/1ji2cys/donar_sangre_uis/,https://www.reddit.com/r/bucaramanga/comments/1ji2cys/donar_sangre_uis/
piercing donar sangre,writestreakes,1jey6fb,Streak 4: donación de sangre,1742394242.0,1,1,https://www.reddit.com/r/WriteStreakES/comments/1jey6fb/streak_4_donación_de_sangre/,https://www.reddit.com/r/WriteStreakES/comments/1jey6fb/streak_4_donación_de_sangre/
piercing donar sangre,ticos,1j3e1p4,¿Dónde puedo donar sangre?,1741104032.0,12,4,https://www.reddit.com/r/Ticos/comments/1j3e1p4/dónde_puedo_donar_sangre/,https://www.reddit.com/r/Ticos/comments/1j3e1p4/dónde_puedo_donar_sangre/
piercing donar sangre,republicaargentina,1iy9u84,"Campaña de donación de sangre para el Garraham, la necesitan.",1740527862.0,1,14,https://www.reddit.com/r/RepublicaArgentina/comments/1iy9u84/campaña_de_donación_de_sangre_para_el_garraham_la/,https://i.redd.it/ezigejng8cle1.png
piercing donar sangre,buenosaires,1iy432m,"Campaña de donación de sangre para el Garraham, la necesitan.",1740513219.0,10,32,https://www.reddit.com/r/BuenosAires/comments/1iy432m/campaña_de_donación_de_sangre_para_el_garraham_la/,https://i.redd.it/ezigejng8cle1.png
piercing donar sangre,askredditespanol,1iwrrjn,Urgente. Alguien sabe si se puede donar sangre 24hs después de haber tomado antibióticos?,1740365149.0,8,2,https://www.reddit.com/r/AskRedditespanol/comments/1iwrrjn/urgente_alguien_sabe_si_se_puede_donar_sangre/,https://www.reddit.com/r/AskRedditespanol/comments/1iwrrjn/urgente_alguien_sabe_si_se_puede_donar_sangre/
piercing donar sangre,ayudamexico,1isslq0,Condicionan la cirugía de mi mama a cambio de donadores de sangre en el ISSSTE y no tengo a nadie. Con quien puedo acudir legalmente si la donación es voluntaria y altruista,1739926552.0,132,39,https://www.reddit.com/r/ayudamexico/comments/1isslq0/condicionan_la_cirugía_de_mi_mama_a_cambio_de/,https://www.reddit.com/r/ayudamexico/comments/1isslq0/condicionan_la_cirugía_de_mi_mama_a_cambio_de/
piercing donar sangre,askmexico,1il8zbi,"Alguien ha donado sangre en la cruz roja ultimamente? Los resultados de las pruebas te los dan antes, o despues de donar?",1739084140.0,23,4,https://www.reddit.com/r/AskMexico/comments/1il8zbi/alguien_ha_donado_sangre_en_la_cruz_roja/,https://www.reddit.com/r/AskMexico/comments/1il8zbi/alguien_ha_donado_sangre_en_la_cruz_roja/
piercing donar sangre,u_foreign-quiet4431,1i5synd,"""Me negué a donarle sangre a mi hermana, y ahora me odia""",1737387595.0,0,1,https://www.reddit.com/r/u_Foreign-Quiet4431/comments/1i5synd/me_negué_a_donarle_sangre_a_mi_hermana_y_ahora_me/,https://www.reddit.com/r/u_Foreign-Quiet4431/comments/1i5synd/me_negué_a_donarle_sangre_a_mi_hermana_y_ahora_me/
piercing donar sangre,paraguay,1i2cllh,¿Existe realmente una prohibición en Paraguay para los homosexuales en lo que respecta donar sangre?,1736988258.0,37,36,https://www.reddit.com/r/Paraguay/comments/1i2cllh/existe_realmente_una_prohibición_en_paraguay_para/,https://www.reddit.com/gallery/1i2cllh
piercing donar sangre,lima_peru,1hhfijo,"Dónde puedo donar sangre en Lima, Perú?",1734566086.0,5,0,https://www.reddit.com/r/Lima_Peru/comments/1hhfijo/dónde_puedo_donar_sangre_en_lima_perú/,https://www.reddit.com/r/Lima_Peru/comments/1hhfijo/dónde_puedo_donar_sangre_en_lima_perú/
piercing donar sangre,redditpregunta,1h9s7d2,¿Tatuarse y poder donar sangre?,1733690315.0,2,1,https://www.reddit.com/r/RedditPregunta/comments/1h9s7d2/tatuarse_y_poder_donar_sangre/,https://www.reddit.com/r/RedditPregunta/comments/1h9s7d2/tatuarse_y_poder_donar_sangre/
piercing donar sangre,askspain,1gtgprk,Donación de sangre,1731859371.0,1,1,https://www.reddit.com/r/askspain/comments/1gtgprk/donación_de_sangre/,https://www.reddit.com/r/askspain/comments/1gtgprk/donación_de_sangre/
piercing donar sangre,mexico,1ghmkj7,Puedo donar sangre?,1730514460.0,20,0,https://www.reddit.com/r/mexico/comments/1ghmkj7/puedo_donar_sangre/,https://www.reddit.com/r/mexico/comments/1ghmkj7/puedo_donar_sangre/
piercing donar sangre,preguntas_de_reddit_,1ghmb9b,Puedo donar sangre si...?,1730513640.0,2,1,https://www.reddit.com/r/Preguntas_de_Reddit_/comments/1ghmb9b/puedo_donar_sangre_si/,https://www.reddit.com/r/Preguntas_de_Reddit_/comments/1ghmb9b/puedo_donar_sangre_si/
piercing donar sangre,yucatan,1gguot1,DONAR SANGRE ,1730425363.0,5,3,https://www.reddit.com/r/Yucatan/comments/1gguot1/donar_sangre/,https://www.reddit.com/r/Yucatan/comments/1gguot1/donar_sangre/
piercing donar sangre,valencia,1ggr15q,Dónde donar sangre?,1730414210.0,3,1,https://www.reddit.com/r/valencia/comments/1ggr15q/dónde_donar_sangre/,https://www.reddit.com/r/valencia/comments/1ggr15q/dónde_donar_sangre/
piercing donar sangre,cordoba,1gej667,Como donar sangre?,1730165630.0,4,2,https://www.reddit.com/r/Cordoba/comments/1gej667/como_donar_sangre/,https://www.reddit.com/r/Cordoba/comments/1gej667/como_donar_sangre/
piercing donar sangre,lima_peru,1gd40hm,"Creo que el tipo de sangre debería salir en el DNI ,quizá así las personas podrían donar más porque sabrían que tipo de sangre son,me hace preguntar por qué no sale en primer lugar.",1730007067.0,20,31,https://www.reddit.com/r/Lima_Peru/comments/1gd40hm/creo_que_el_tipo_de_sangre_debería_salir_en_el/,https://www.reddit.com/r/Lima_Peru/comments/1gd40hm/creo_que_el_tipo_de_sangre_debería_salir_en_el/
piercing donar sangre,bahiablanca,1ftoljk,Donación de sangre ,1727790672.0,1,8,https://www.reddit.com/r/BahiaBlanca/comments/1ftoljk/donación_de_sangre/,https://www.reddit.com/r/BahiaBlanca/comments/1ftoljk/donación_de_sangre/
piercing donar sangre,vzla,1esffjd,Donar sangre en Caracas 🩸💉,1723676402.0,3,4,https://www.reddit.com/r/vzla/comments/1esffjd/donar_sangre_en_caracas/,https://www.reddit.com/r/vzla/comments/1esffjd/donar_sangre_en_caracas/
piercing donar sangre,mexico_videos,1emv9u3,La importancia de donar sangre - EDITORIAL,1723086069.0,0,1,https://www.reddit.com/r/Mexico_Videos/comments/1emv9u3/la_importancia_de_donar_sangre_editorial/,https://www.youtube.com/watch?v=ZrqnIywt0xw
piercing donar sangre,conversaciones,1ef498z,Me están pidiendo donar sangre pero me drogue ayer ,1722271357.0,25,3,https://www.reddit.com/r/conversaciones/comments/1ef498z/me_están_pidiendo_donar_sangre_pero_me_drogue_ayer/,https://www.reddit.com/r/conversaciones/comments/1ef498z/me_están_pidiendo_donar_sangre_pero_me_drogue_ayer/
piercing donar sangre,puebla,1ecxfn3,Acabo de donar sangre,1722024033.0,46,20,https://www.reddit.com/r/Puebla/comments/1ecxfn3/acabo_de_donar_sangre/,https://www.reddit.com/r/Puebla/comments/1ecxfn3/acabo_de_donar_sangre/
piercing donar sangre,burises,1e9eecc,Donar sangre es desayunar gratis.,1721655147.0,51,38,https://www.reddit.com/r/Burises/comments/1e9eecc/donar_sangre_es_desayunar_gratis/,https://www.reddit.com/r/Burises/comments/1e9eecc/donar_sangre_es_desayunar_gratis/
piercing donar sangre,cuu,1dljfkk,Hay campañas de donación altruista de sangre?,1719017386.0,9,2,https://www.reddit.com/r/cuu/comments/1dljfkk/hay_campañas_de_donación_altruista_de_sangre/,https://www.reddit.com/r/cuu/comments/1dljfkk/hay_campañas_de_donación_altruista_de_sangre/
piercing donar sangre,mexico_videos,1dhlwlg,¿Puedo donar sangre si tengo un tatuaje? Doctor explica los criterios para ir a donar,1718585557.0,0,1,https://www.reddit.com/r/Mexico_Videos/comments/1dhlwlg/puedo_donar_sangre_si_tengo_un_tatuaje_doctor/,https://www.youtube.com/watch?v=7cUcJf9yXPg
piercing donar sangre,mexico_videos,1dgdozj,Así es la donación en un Banco de Sangre,1718441580.0,0,1,https://www.reddit.com/r/Mexico_Videos/comments/1dgdozj/así_es_la_donación_en_un_banco_de_sangre/,https://www.youtube.com/watch?v=1Qj7LUXaFKg
piercing donar sangre,mexico_videos,1dg2mry,¿Es ilegal cobrar por donar sangre o puedo tener sanciones por hacerlo?,1718402797.0,0,1,https://www.reddit.com/r/Mexico_Videos/comments/1dg2mry/es_ilegal_cobrar_por_donar_sangre_o_puedo_tener/,https://www.youtube.com/watch?v=jb7LOoTdsP4
piercing donar sangre,mexico_videos,1dg17s1,Así es el procedimiento para donar sangre,1718398940.0,0,1,https://www.reddit.com/r/Mexico_Videos/comments/1dg17s1/así_es_el_procedimiento_para_donar_sangre/,https://www.youtube.com/watch?v=Z9EmA2C_veo
piercing donar sangre,mexico_videos,1dfjurn,Donación de sangre puede hacer la diferencia entre la vida y la muerte,1718344640.0,0,1,https://www.reddit.com/r/Mexico_Videos/comments/1dfjurn/donación_de_sangre_puede_hacer_la_diferencia/,https://www.youtube.com/watch?v=1YMwlPMOM3o
piercing donar sangre,mexico_videos,1dfeqk2,"¿Sabías que ya puedes donar sangre, aunque estés tatuado?",1718326991.0,0,1,https://www.reddit.com/r/Mexico_Videos/comments/1dfeqk2/sabías_que_ya_puedes_donar_sangre_aunque_estés/,https://www.youtube.com/watch?v=GjUQeCD7TUE
piercing donar sangre,mexico_videos,1dfc2xs,¿Puedo donar sangre si tengo un tatuaje? Doctor explica los criterios para ir a donar,1718319144.0,0,1,https://www.reddit.com/r/Mexico_Videos/comments/1dfc2xs/puedo_donar_sangre_si_tengo_un_tatuaje_doctor/,https://www.youtube.com/watch?v=F2SeOGQ34Gs
piercing donar sangre,chilefit,1ddt1xw,Donar sangre tomando Creatina ,1718150412.0,3,1,https://www.reddit.com/r/Chilefit/comments/1ddt1xw/donar_sangre_tomando_creatina/,https://www.reddit.com/r/Chilefit/comments/1ddt1xw/donar_sangre_tomando_creatina/
piercing donar sangre,apodaca,1dba7h2,De casualidad alguien tiene sangre A- o O- que pueda donar ?,1717873530.0,0,2,https://www.reddit.com/r/Apodaca/comments/1dba7h2/de_casualidad_alguien_tiene_sangre_a_o_o_que/,https://www.reddit.com/r/Apodaca/comments/1dba7h2/de_casualidad_alguien_tiene_sangre_a_o_o_que/
piercing donar sangre,dominican,1d63ps4,¿Consejos para donar sangre en Santo Domingo?,1717297102.0,4,6,https://www.reddit.com/r/Dominican/comments/1d63ps4/consejos_para_donar_sangre_en_santo_domingo/,https://www.reddit.com/r/Dominican/comments/1d63ps4/consejos_para_donar_sangre_en_santo_domingo/
piercing donar sangre,puertorico,1d3b3yy,Donar sangre/plasma,1716986050.0,4,1,https://www.reddit.com/r/PuertoRico/comments/1d3b3yy/donar_sangreplasma/,https://www.reddit.com/r/PuertoRico/comments/1d3b3yy/donar_sangreplasma/
piercing donar sangre,ticos,1cpw7ks,¿Donación de sangre si se consumió verde?,1715476339.0,9,5,https://www.reddit.com/r/Ticos/comments/1cpw7ks/donación_de_sangre_si_se_consumió_verde/,https://www.reddit.com/r/Ticos/comments/1cpw7ks/donación_de_sangre_si_se_consumió_verde/
piercing donar sangre,preguntaleareddit,1cm4zjh,Cuanto tiempo tarda en regenerase una vena despues de donar sangre? ,1715062243.0,5,1,https://www.reddit.com/r/preguntaleareddit/comments/1cm4zjh/cuanto_tiempo_tarda_en_regenerase_una_vena/,https://www.reddit.com/r/preguntaleareddit/comments/1cm4zjh/cuanto_tiempo_tarda_en_regenerase_una_vena/
piercing donar sangre,ayudamexico,1clxr2p,Tengo miedo de donar sangre,1715039014.0,10,3,https://www.reddit.com/r/ayudamexico/comments/1clxr2p/tengo_miedo_de_donar_sangre/,https://www.reddit.com/r/ayudamexico/comments/1clxr2p/tengo_miedo_de_donar_sangre/
piercing donar sangre,derechogenial,1cl4dkn,Ausencia al trabajo por donación de sangre ,1714950824.0,8,3,https://www.reddit.com/r/DerechoGenial/comments/1cl4dkn/ausencia_al_trabajo_por_donación_de_sangre/,https://www.reddit.com/r/DerechoGenial/comments/1cl4dkn/ausencia_al_trabajo_por_donación_de_sangre/
piercing donar sangre,panama,1cfz988,Necesito donación de sangre,1714397665.0,6,4,https://www.reddit.com/r/Panama/comments/1cfz988/necesito_donación_de_sangre/,https://www.reddit.com/r/Panama/comments/1cfz988/necesito_donación_de_sangre/
piercing donar sangre,puebla,1c1xhng,Tengo que sacar cita para donar sangre en Cholula?,1712887928.0,3,2,https://www.reddit.com/r/Puebla/comments/1c1xhng/tengo_que_sacar_cita_para_donar_sangre_en_cholula/,https://www.reddit.com/r/Puebla/comments/1c1xhng/tengo_que_sacar_cita_para_donar_sangre_en_cholula/
rechazaron donar sangre,donasangrecampana,1b6qxtd,Pasos para donar sangre y estar informado,1709597838.0,0,1,https://www.reddit.com/r/donasangrecampana/comments/1b6qxtd/pasos_para_donar_sangre_y_estar_informado/,https://www.reddit.com/r/donasangrecampana/comments/1b6qxtd/pasos_para_donar_sangre_y_estar_informado/
rechazaron donar sangre,peru,1b4ovu4,Donacion de sangre,1709387935.0,8,11,https://www.reddit.com/r/PERU/comments/1b4ovu4/donacion_de_sangre/,https://www.reddit.com/r/PERU/comments/1b4ovu4/donacion_de_sangre/
rechazaron donar sangre,guadalajara,1axdd6w,¿Donde puedo donar sangre en GDL?,1708625721.0,22,15,https://www.reddit.com/r/Guadalajara/comments/1axdd6w/donde_puedo_donar_sangre_en_gdl/,https://www.reddit.com/r/Guadalajara/comments/1axdd6w/donde_puedo_donar_sangre_en_gdl/
rechazaron donar sangre,malaga,1awn377,Entradas gratis para muchos museos al donar sangre,1708548907.0,4,31,https://www.reddit.com/r/Malaga/comments/1awn377/entradas_gratis_para_muchos_museos_al_donar_sangre/,https://i.redd.it/i1ovkzh350kc1.jpeg
rechazaron donar sangre,uruguay,1amo8se,¿Dónde se puede donar sangre de tarde en Montevideo?,1707485619.0,4,1,https://www.reddit.com/r/uruguay/comments/1amo8se/dónde_se_puede_donar_sangre_de_tarde_en_montevideo/,https://www.reddit.com/r/uruguay/comments/1amo8se/dónde_se_puede_donar_sangre_de_tarde_en_montevideo/
rechazaron donar sangre,ticos,18wuj4a,Donar sangre,1704215699.0,14,4,https://www.reddit.com/r/Ticos/comments/18wuj4a/donar_sangre/,https://www.reddit.com/r/Ticos/comments/18wuj4a/donar_sangre/
rechazaron donar sangre,soyelmalo,18uvcnj,Sereyoelmalo/a por no querer donar sangre?,1703985067.0,4,1,https://www.reddit.com/r/SoyElMalo/comments/18uvcnj/sereyoelmaloa_por_no_querer_donar_sangre/,https://www.reddit.com/r/SoyElMalo/comments/18uvcnj/sereyoelmaloa_por_no_querer_donar_sangre/
rechazaron donar sangre,panama,188vqi8,Donde donar sangre en la capital?,1701491885.0,8,6,https://www.reddit.com/r/Panama/comments/188vqi8/donde_donar_sangre_en_la_capital/,https://www.reddit.com/r/Panama/comments/188vqi8/donde_donar_sangre_en_la_capital/
rechazaron donar sangre,argentina,1835bf3,El Hospital Eva Perón invita a los tucumanos a donar sangre y ayudar para salvar vidas,1700868359.0,2,10,https://www.reddit.com/r/argentina/comments/1835bf3/el_hospital_eva_perón_invita_a_los_tucumanos_a/,https://www.eltucumano.com/noticia/actualidad/296409/el-hospital-eva-peron-invita-a-los-tucumanos-a-donar-sangre-y-ayudar-para-salvar-vidas?dnd=psecciona&src=tit&pos=2&dis=desk
rechazaron donar sangre,mexico,17ksac3,donar sangre es un desmadre…,1698778195.0,57,134,https://www.reddit.com/r/mexico/comments/17ksac3/donar_sangre_es_un_desmadre/,https://i.redd.it/acvshk6r3lxb1.jpg
rechazaron donar sangre,mexico,179h5zi,Donación de sangre IMSS,1697491405.0,6,7,https://www.reddit.com/r/mexico/comments/179h5zi/donación_de_sangre_imss/,https://www.reddit.com/r/mexico/comments/179h5zi/donación_de_sangre_imss/
rechazaron donar sangre,guadalajara,173asiw,donacion de sangre,1696801284.0,1,4,https://www.reddit.com/r/Guadalajara/comments/173asiw/donacion_de_sangre/,https://www.reddit.com/r/Guadalajara/comments/173asiw/donacion_de_sangre/
donar sangre,panama,16o0wc4,Donares de sangre para perros,1695254815.0,0,7,https://www.reddit.com/r/Panama/comments/16o0wc4/donares_de_sangre_para_perros/,https://www.reddit.com/gallery/16o0wc4
donar sangre,madrid,16ff4nj,Donde donar sangre?,1694387927.0,10,2,https://www.reddit.com/r/Madrid/comments/16ff4nj/donde_donar_sangre/,https://www.reddit.com/r/Madrid/comments/16ff4nj/donde_donar_sangre/
donar sangre,mexico_videos,16ehbue,Jugadores de la Selección de Marruecos asisten a donar sangre para las víctimas del terremoto,1694294833.0,0,1,https://www.reddit.com/r/Mexico_Videos/comments/16ehbue/jugadores_de_la_selección_de_marruecos_asisten_a/,https://www.youtube.com/watch?v=pvfKVkpnh5s
donación sangre,panama,15vl94u,Ventajas de donar sangre:,1692463917.0,33,16,https://www.reddit.com/r/Panama/comments/15vl94u/ventajas_de_donar_sangre/,https://www.reddit.com/r/Panama/comments/15vl94u/ventajas_de_donar_sangre/
donación sangre,mexico,1qml6o7,Donación de sangre,1769352907.0,6,2,https://www.reddit.com/r/mexico/comments/1qml6o7/donación_de_sangre/,https://www.reddit.com/r/mexico/comments/1qml6o7/donación_de_sangre/
donación sangre,astoria,1qcztob,"Donación de Sangre en Astoria, NY: 21 de Febrero!",1768425669.0,0,12,https://www.reddit.com/r/astoria/comments/1qcztob/donación_de_sangre_en_astoria_ny_21_de_febrero/,https://i.redd.it/huc1zm9gtddg1.jpeg
donación sangre,freemasonsnyc,1qczjf2,🩸 Jornada de Donación de Sangre en Astoria: ¡Ayuda a Salvar Vidas el 21 de Febrero!,1768425019.0,1,2,https://www.reddit.com/r/FreemasonsNYC/comments/1qczjf2/jornada_de_donación_de_sangre_en_astoria_ayuda_a/,https://v.redd.it/8pjay24frddg1
donación sangre,madrid,1pmblgw,🩸 Campaña de Navidad para la donación de sangre,1765710488.0,11,14,https://www.reddit.com/r/Madrid/comments/1pmblgw/campaña_de_navidad_para_la_donación_de_sangre/,https://v.redd.it/8jsp6ulsj57g1
donación sangre,mexico_videos,1p0s0a3,Sangre dorada: el tipo más raro del mundo y su impacto en la donación,1763509658.0,0,1,https://www.reddit.com/r/Mexico_Videos/comments/1p0s0a3/sangre_dorada_el_tipo_más_raro_del_mundo_y_su/,https://www.youtube.com/watch?v=a8VuRibOX7w
donación sangre,writestreakes,1oinkk0,streak 706 - donación de sangre,1761690544.0,2,1,https://www.reddit.com/r/WriteStreakES/comments/1oinkk0/streak_706_donación_de_sangre/,https://www.reddit.com/r/WriteStreakES/comments/1oinkk0/streak_706_donación_de_sangre/
donación sangre,mexicocity,1o3feva,Donación de sangre en INCAN,1760136252.0,7,0,https://www.reddit.com/r/MexicoCity/comments/1o3feva/donación_de_sangre_en_incan/,https://www.reddit.com/r/MexicoCity/comments/1o3feva/donación_de_sangre_en_incan/
donación sangre,mexico_videos,1nkuh0u,Campus Universitario de Tecpan será sede de campaña altruista de donación de sangre,1758257540.0,0,1,https://www.reddit.com/r/Mexico_Videos/comments/1nkuh0u/campus_universitario_de_tecpan_será_sede_de/,https://www.youtube.com/watch?v=68l4DE055DQ
donación sangre,mexico_videos,1njh1k7,IMSS solicita donación de sangre para pacientes necesitados,1758124643.0,0,1,https://www.reddit.com/r/Mexico_Videos/comments/1njh1k7/imss_solicita_donación_de_sangre_para_pacientes/,https://www.youtube.com/watch?v=cu19FlROtX8
donación sangre,u_original-judgment596,1mrk0b2,¡Gracias por la colaboración de donación de sangre de @Seele0907 (Mío/Mía)!,1755316547.0,0,1,https://www.reddit.com/r/u_Original-Judgment596/comments/1mrk0b2/gracias_por_la_colaboración_de_donación_de_sangre/,https://www.reddit.com/gallery/1mri102
donacion sangre,bogota,1m6umyu,Donaciones de sangre,1753229587.0,14,9,https://www.reddit.com/r/Bogota/comments/1m6umyu/donaciones_de_sangre/,https://www.reddit.com/r/Bogota/comments/1m6umyu/donaciones_de_sangre/
donación sangre,zaragoza,1lzgozg,Donde se puede hacer donación de sangre o plasma ?,1752480484.0,10,5,https://www.reddit.com/r/Zaragoza/comments/1lzgozg/donde_se_puede_hacer_donación_de_sangre_o_plasma/,https://www.reddit.com/r/Zaragoza/comments/1lzgozg/donde_se_puede_hacer_donación_de_sangre_o_plasma/
tatuaje donar sangre,mexicali,1lzbi8x,Donación de sangre O negativo,1752462075.0,7,8,https://www.reddit.com/r/Mexicali/comments/1lzbi8x/donación_de_sangre_o_negativo/,https://www.reddit.com/r/Mexicali/comments/1lzbi8x/donación_de_sangre_o_negativo/
donacion sangre,mexico_videos,1laqf1v,Salud de NL reconoce a Fundación Multimedios por impulsar donación de sangre altruista,1749846961.0,0,1,https://www.reddit.com/r/Mexico_Videos/comments/1laqf1v/salud_de_nl_reconoce_a_fundación_multimedios_por/,https://www.youtube.com/watch?v=yTGO1H4O_f8
donación sangre,mexico_videos,1l9n3gq,Día Mundial del Donante de Sangre: Cruz Roja Mexicana llama a la donación altruista,1749736517.0,0,1,https://www.reddit.com/r/Mexico_Videos/comments/1l9n3gq/día_mundial_del_donante_de_sangre_cruz_roja/,https://www.youtube.com/watch?v=dMfjsP--iVI
donación sangre,chile,1ke2uxo,Hospital regional hace urgente llamado a la donación de sangre tipo A y O negativo,1746305488.0,9,16,https://www.reddit.com/r/chile/comments/1ke2uxo/hospital_regional_hace_urgente_llamado_a_la/,https://araucaniadiario.cl/contenido/28623/hospital-regional-hace-urgente-llamado-a-la-donacion-de-sangre-tipo-a-y-o-negati
donación sangre,mexico_videos,1iqozlz,Impulsan campaña para fomentar la donación de sangre en niños con cáncer,1739699635.0,0,1,https://www.reddit.com/r/Mexico_Videos/comments/1iqozlz/impulsan_campaña_para_fomentar_la_donación_de/,https://www.youtube.com/watch?v=5I7rBgUc4AY
donación sangre,valencia,1ggazs9,31/10 puntos de donación de sangre ,1730369369.0,0,28,https://www.reddit.com/r/valencia/comments/1ggazs9/3110_puntos_de_donación_de_sangre/,https://i.redd.it/05wt2p4jg2yd1.jpeg
donación sangre,santiago,1g2itgy,Donación de Sangre en Chile para un familiar?,1728797819.0,15,10,https://www.reddit.com/r/Santiago/comments/1g2itgy/donación_de_sangre_en_chile_para_un_familiar/,https://www.reddit.com/r/Santiago/comments/1g2itgy/donación_de_sangre_en_chile_para_un_familiar/
donación sangre,mexico,1fpboym,Consulta de resultados de donación de sangre ,1727289144.0,1,0,https://www.reddit.com/r/mexico/comments/1fpboym/consulta_de_resultados_de_donación_de_sangre/,https://www.reddit.com/r/mexico/comments/1fpboym/consulta_de_resultados_de_donación_de_sangre/
donación sangre,mexico,1fpbjub,Datos donación sangre imss ,1727288784.0,1,0,https://www.reddit.com/r/mexico/comments/1fpbjub/datos_donación_sangre_imss/,https://www.reddit.com/r/mexico/comments/1fpbjub/datos_donación_sangre_imss/
donación sangre,mexico_videos,1esnsup,"Calle11 - Programa 29,Dudantes. Patrick Miller, Donación de sangre y Pirámide de Ehécatl (14/08/24)",1723701657.0,0,1,https://www.reddit.com/r/Mexico_Videos/comments/1esnsup/calle11_programa_29dudantes_patrick_miller/,https://www.youtube.com/watch?v=MHH8vnzxH4o
donación sangre,chile,1es7y9x,Chilenos y donación de sangre,1723657375.0,40,11,https://www.reddit.com/r/chile/comments/1es7y9x/chilenos_y_donación_de_sangre/,https://www.reddit.com/r/chile/comments/1es7y9x/chilenos_y_donación_de_sangre/
donación sangre,panama,1eefokt,Servicio Social: Se Necesita Donación De Sangre,1722195353.0,20,11,https://www.reddit.com/r/Panama/comments/1eefokt/servicio_social_se_necesita_donación_de_sangre/,https://www.reddit.com/r/Panama/comments/1eefokt/servicio_social_se_necesita_donación_de_sangre/
donación sangre,mexico_videos,1dj26vk,¿Cómo funciona la donación de sangre para mascotas?,1718746451.0,0,0,https://www.reddit.com/r/Mexico_Videos/comments/1dj26vk/cómo_funciona_la_donación_de_sangre_para_mascotas/,https://www.youtube.com/watch?v=XQFRc44EcJw
donación sangre,mexico_videos,1dgdpa8,Urge donación altruista de sangre en México,1718441618.0,0,1,https://www.reddit.com/r/Mexico_Videos/comments/1dgdpa8/urge_donación_altruista_de_sangre_en_méxico/,https://www.youtube.com/watch?v=gooulo9mspo
donación sangre,mexico_videos,1dg3oon,¡Fuera mitos! Así es la donación en un banco de sangre,1718405726.0,0,1,https://www.reddit.com/r/Mexico_Videos/comments/1dg3oon/fuera_mitos_así_es_la_donación_en_un_banco_de/,https://www.youtube.com/watch?v=mCJ1Y7cILDI
donación sangre,mexico_videos,1c6vvcs,Perrito es nombrado como embajador de Donación Altruista de Sangre - ¿Qué hicimos? con Zoé Robledo,1713419310.0,0,1,https://www.reddit.com/r/Mexico_Videos/comments/1c6vvcs/perrito_es_nombrado_como_embajador_de_donación/,https://www.youtube.com/watch?v=A30i2qeg4eg
donación sangre,mexico,1axvoj3,Donación de sangre ,1708677309.0,2,1,https://www.reddit.com/r/mexico/comments/1axvoj3/donación_de_sangre/,https://www.reddit.com/r/mexico/comments/1axvoj3/donación_de_sangre/
donación sangre,madrid,192r3w3,Maratones de donación de sangre,1704837920.0,0,1,https://www.reddit.com/r/Madrid/comments/192r3w3/maratones_de_donación_de_sangre/,https://www.comunidad.madrid/servicios/salud/donacion-sangre
donación sangre,madrid,18l3nqg,Maratón de donación de sangre en Madrid,1702887073.0,0,5,https://www.reddit.com/r/Madrid/comments/18l3nqg/maratón_de_donación_de_sangre_en_madrid/,https://x.com/Madridonasangre/status/1736657553092714988?s=20
donación sangre,queretaro,14gke3f,Donación de sangre,1687481644.0,9,5,https://www.reddit.com/r/queretaro/comments/14gke3f/donación_de_sangre/,https://www.reddit.com/r/queretaro/comments/14gke3f/donación_de_sangre/
donación sangre,ticos,14eg5nd,Donación de sangre,1687279523.0,5,2,https://www.reddit.com/r/Ticos/comments/14eg5nd/donación_de_sangre/,https://www.reddit.com/r/Ticos/comments/14eg5nd/donación_de_sangre/
donación sangre,apolitichile,144cb9s,¿Cómo funciona la donación de sangre? Este es el proceso en Chile,1686238137.0,0,2,https://www.reddit.com/r/APolitiChile/comments/144cb9s/cómo_funciona_la_donación_de_sangre_este_es_el/,https://www.latercera.com/servicios/noticia/como-funciona-la-donacion-de-sangre-este-es-el-proceso-en-chile/OWZS5ZS6F5FJZNEORRRH4RC6BI/
donación sangre,paraguay,12zor6z,Donación de sangre,1682526365.0,14,4,https://www.reddit.com/r/Paraguay/comments/12zor6z/donación_de_sangre/,https://www.reddit.com/r/Paraguay/comments/12zor6z/donación_de_sangre/
donación sangre,mexico,11hb6gu,Mi comida despues de donar sangre,1677869169.0,178,602,https://www.reddit.com/r/mexico/comments/11hb6gu/mi_comida_despues_de_donar_sangre/,https://i.redd.it/ieqlk0ug2mla1.jpg
donación sangre,mexico_videos,10xc3w4,Ahora la donación de sangre puede ser a domicilio,1675893436.0,0,1,https://www.reddit.com/r/Mexico_Videos/comments/10xc3w4/ahora_la_donación_de_sangre_puede_ser_a_domicilio/,https://www.youtube.com/watch?v=QUw4MNevLZk
donación sangre,mexico_videos,10gf1mo,Se solicita donación de sangre en el Hospital ABC Observatorio,1674166691.0,0,1,https://www.reddit.com/r/Mexico_Videos/comments/10gf1mo/se_solicita_donación_de_sangre_en_el_hospital_abc/,https://www.youtube.com/watch?v=VBJjB8gE6eY
donación sangre,mexico,103k8mw,Donación de Sangre,1672878618.0,10,8,https://www.reddit.com/r/mexico/comments/103k8mw/donación_de_sangre/,https://www.reddit.com/r/mexico/comments/103k8mw/donación_de_sangre/
donación sangre,mexico_videos,zvu6cb,Necesitamos de su colaboración para la donación de sangre de cualquier tipo.,1672081474.0,0,1,https://www.reddit.com/r/Mexico_Videos/comments/zvu6cb/necesitamos_de_su_colaboración_para_la_donación/,https://www.youtube.com/watch?v=qrq9-026ij8
donación sangre,mexico_videos,z1b5mv,Transplante de médula ósea: con una donación de sangre te pueden salvar y puedes salvar una vida,1669066846.0,0,1,https://www.reddit.com/r/Mexico_Videos/comments/z1b5mv/transplante_de_médula_ósea_con_una_donación_de/,https://www.youtube.com/watch?v=J_v1IMkvl5A
donación sangre,mexico_videos,ylzjme,¿Puedes donar si tienes un tatuaje? Mitos y realidades de la donación de sangre,1667569690.0,0,1,https://www.reddit.com/r/Mexico_Videos/comments/ylzjme/puedes_donar_si_tienes_un_tatuaje_mitos_y/,https://www.youtube.com/watch?v=fbhB72YHrfE
donación sangre,valledelguadalhorce,xyl8ly,Donación de sangre en Cártama Pueblo,1665209733.0,0,1,https://www.reddit.com/r/valledelguadalhorce/comments/xyl8ly/donación_de_sangre_en_cártama_pueblo/,https://www.valledelguadalhorce.org/donacion-de-sangre-en-cartama/
donación sangre,mundotves,xl647r,Alerta roja en donación de sangre de la Comunidad de Madrid #mundotv,1663864224.0,0,1,https://www.reddit.com/r/mundotves/comments/xl647r/alerta_roja_en_donación_de_sangre_de_la_comunidad/,https://www.youtube.com/watch?v=fnCN_Z-_EXA&feature=youtu.be
donación sangre,mexico_videos,xjn2j6,"Donación de sangre: anímate a hacerlo, puedes salvar vidas",1663713833.0,0,1,https://www.reddit.com/r/Mexico_Videos/comments/xjn2j6/donación_de_sangre_anímate_a_hacerlo_puedes/,https://www.youtube.com/watch?v=qOds9oXUCIo
donación sangre,guadalajara,xhj2gy,Encuesta sobre donación de sangre,1663513569.0,5,2,https://www.reddit.com/r/Guadalajara/comments/xhj2gy/encuesta_sobre_donación_de_sangre/,https://www.reddit.com/r/Guadalajara/comments/xhj2gy/encuesta_sobre_donación_de_sangre/
donación sangre,tijuana,xhit32,Encuesta sobre donación de sangre,1663512968.0,4,6,https://www.reddit.com/r/tijuana/comments/xhit32/encuesta_sobre_donación_de_sangre/,https://www.reddit.com/r/tijuana/comments/xhit32/encuesta_sobre_donación_de_sangre/
donacion sangre,mexico,w3a47l,Subforo para donación de sangre (Propuesta),1658282489.0,5,1,https://www.reddit.com/r/mexico/comments/w3a47l/subforo_para_donación_de_sangre_propuesta/,https://www.reddit.com/r/mexico/comments/w3a47l/subforo_para_donación_de_sangre_propuesta/
donación sangre,mundotves,vwocic,"La Donación de Sangre, más necesaria que nunca en Madrid #mundotv",1657561550.0,0,1,https://www.reddit.com/r/mundotves/comments/vwocic/la_donación_de_sangre_más_necesaria_que_nunca_en/,https://www.youtube.com/watch?v=yz0ot6gKK-M&feature=youtu.be
donación sangre,mexico,vt5zjt,¿Donación de sangre siendo dañina?,1657156299.0,35,11,https://www.reddit.com/r/mexico/comments/vt5zjt/donación_de_sangre_siendo_dañina/,https://www.reddit.com/r/mexico/comments/vt5zjt/donación_de_sangre_siendo_dañina/
donación sangre,mexico_politics,vo9bpu,Campaña de donación voluntaria y altruista de sangre y concientización de la importancia del tema,1656598199.0,0,1,https://www.reddit.com/r/mexico_politics/comments/vo9bpu/campaña_de_donación_voluntaria_y_altruista_de/,https://www.youtube.com/watch?v=E-ud4ZI1ESw
donación sangre,mexico_videos,vifac1,Covid-19 y donación de sangre. La UNAM responde 519,1655931458.0,0,1,https://www.reddit.com/r/Mexico_Videos/comments/vifac1/covid19_y_donación_de_sangre_la_unam_responde_519/,https://www.youtube.com/watch?v=Vqdag0xa5E0
donación sangre,mexico_videos,vd9f4e,Así funciona la herramienta de Facebook para incentivar la donación altruista de sangre,1655340652.0,1,1,https://www.reddit.com/r/Mexico_Videos/comments/vd9f4e/así_funciona_la_herramienta_de_facebook_para/,https://www.youtube.com/watch?v=dzjN7062_44
donación sangre,mexico_videos,vck5yw,Facebook y Consejo de la Comunicación lanzan campaña de donación de sangre,1655260708.0,1,1,https://www.reddit.com/r/Mexico_Videos/comments/vck5yw/facebook_y_consejo_de_la_comunicación_lanzan/,https://www.youtube.com/watch?v=0X7oOUBW6oQ
donación sangre,mexico_videos,vc9d2k,Donación de sangre a domicilio por falta de donadores,1655229353.0,1,1,https://www.reddit.com/r/Mexico_Videos/comments/vc9d2k/donación_de_sangre_a_domicilio_por_falta_de/,https://www.youtube.com/watch?v=5pxHRMv0icU
donación sangre,mexico_videos,vc8zjm,"Donación de sangre, ¿por qué es importante? - Bien y de Buenas",1655228362.0,1,1,https://www.reddit.com/r/Mexico_Videos/comments/vc8zjm/donación_de_sangre_por_qué_es_importante_bien_y/,https://www.youtube.com/watch?v=kDeQh5IH_Ww
donación sangre,mexico_videos,vc2lbd,Día Mundial del Donante de Sangre 2022: En Xoco promueve la donación voluntaria,1655210405.0,2,1,https://www.reddit.com/r/Mexico_Videos/comments/vc2lbd/día_mundial_del_donante_de_sangre_2022_en_xoco/,https://www.youtube.com/watch?v=RcpJlyBgk-E
donación sangre,mexico_politics,v6zy6u,EN VIVO / Foro Importancia de la donación voluntaria y altruista de sangre en México,1654618175.0,0,1,https://www.reddit.com/r/mexico_politics/comments/v6zy6u/en_vivo_foro_importancia_de_la_donación/,https://www.youtube.com/watch?v=_FAeodxsshs
donación sangre,cuba,ukjmtc,Que vergüenza politizar algo tan noble como una donación de sangre! Y después uno aquí diciendome que si politizando que? 😡😡😡,1651949069.0,7,13,https://www.reddit.com/r/cuba/comments/ukjmtc/que_vergüenza_politizar_algo_tan_noble_como_una/,https://v.redd.it/jgekrb67n3y81
donación sangre,u_elshowtv-cordoba,ubmjw7,Donación de sangre por el aniversario del Genocidio Armenio,1650897230.0,0,1,https://www.reddit.com/r/u_elshowtv-cordoba/comments/ubmjw7/donación_de_sangre_por_el_aniversario_del/,https://youtube.com/watch?v=sebx4dL6aes&feature=share
donación sangre,mexico_videos,u7b40r,Donación de sangre en la UNAM. La UNAM responde 475.,1650390755.0,0,1,https://www.reddit.com/r/Mexico_Videos/comments/u7b40r/donación_de_sangre_en_la_unam_la_unam_responde_475/,https://www.youtube.com/watch?v=WSeqlQmjJ9M
donación sangre,panama,svpvt1,Queja sobre la donación de sangre para el hospital santo tomas,1645211599.0,21,19,https://www.reddit.com/r/Panama/comments/svpvt1/queja_sobre_la_donación_de_sangre_para_el/,https://www.reddit.com/r/Panama/comments/svpvt1/queja_sobre_la_donación_de_sangre_para_el/
donación sangre,u_elshowtv-cordoba,seqy0m,"""Donar Sangre Es Donar Vida"" Inician campaña de donación en Córdoba",1643376887.0,0,1,https://www.reddit.com/r/u_elshowtv-cordoba/comments/seqy0m/donar_sangre_es_donar_vida_inician_campaña_de/,https://youtube.com/watch?v=o7HT054USDY&feature=share
donación sangre,u_elshowtv-cordoba,s9b4mw,Habilitaron un nuevo punto de donación de sangre,1642772939.0,0,1,https://www.reddit.com/r/u_elshowtv-cordoba/comments/s9b4mw/habilitaron_un_nuevo_punto_de_donación_de_sangre/,https://youtube.com/watch?v=P5Nyt6wF1c8&feature=share
donación sangre,mexico_videos,s3ce3k,Ómicron dispara las hospitalizaciones y pone en peligro la donación de sangre,1642115138.0,1,1,https://www.reddit.com/r/Mexico_Videos/comments/s3ce3k/ómicron_dispara_las_hospitalizaciones_y_pone_en/,https://www.youtube.com/watch?v=HYcceqqHW1w
donación sangre,mexicowave,rzvvzv,Duda con donación de sangre.,1641747303.0,0,2,https://www.reddit.com/r/Mexicowave/comments/rzvvzv/duda_con_donación_de_sangre/,https://www.reddit.com/r/Mexicowave/comments/rzvvzv/duda_con_donación_de_sangre/
donación sangre,u_imperionoticias,ri6ro0,"Mariana Rodríguez encabeza campaña de donación de sangre, sin dar ejemplo",1639708144.0,0,1,https://www.reddit.com/r/u_imperionoticias/comments/ri6ro0/mariana_rodríguez_encabeza_campaña_de_donación_de/,https://www.imperionoticias.com/2021/12/mariana-rodriguez-encabeza-campana-de.html
donación sangre,mexico_videos,ri3ps0,Se solicita donación de sangre O Positivo para Marcela Camarillo,1639698831.0,1,1,https://www.reddit.com/r/Mexico_Videos/comments/ri3ps0/se_solicita_donación_de_sangre_o_positivo_para/,https://www.youtube.com/watch?v=G1D3-1HFmH0
donación sangre,u_gabschaag,r0lqg0,"#CDJUÁREZ | Se está preparando la Campaña de Donación de Sangre 2021, Dirección de Salud",1637697480.0,0,1,https://www.reddit.com/r/u_GABsCHaAg/comments/r0lqg0/cdjuárez_se_está_preparando_la_campaña_de/,https://reportejuarez.com/noticias/se-esta-preparando-la-campana-de-donacion-de-sangre-2021-direccion-de-salud/
donación sangre,u_elshowtv-cordoba,ph6j83,Campaña de concientización por la donación de sangre,1630680191.0,0,1,https://www.reddit.com/r/u_elshowtv-cordoba/comments/ph6j83/campaña_de_concientización_por_la_donación_de/,https://youtube.com/watch?v=oAoE5E5bC2g&feature=share
donación sangre,mexico_videos,pg39vu,Morelos y DIF inician Jornada de Donación de Sangre,1630530906.0,1,1,https://www.reddit.com/r/Mexico_Videos/comments/pg39vu/morelos_y_dif_inician_jornada_de_donación_de/,https://www.youtube.com/watch?v=pk-12GJuPIw
donación sangre,mexico_videos,o0p40l,Disminuye la donación de sangre en México - Requisitos para donar sangre - Las Noticias,1623792632.0,0,1,https://www.reddit.com/r/Mexico_Videos/comments/o0p40l/disminuye_la_donación_de_sangre_en_méxico/,https://www.youtube.com/watch?v=N5V1JiOsqxI
donación sangre,writestreakes,nyato3,Streak 264: Una donación de sangre,1623516074.0,1,2,https://www.reddit.com/r/WriteStreakES/comments/nyato3/streak_264_una_donación_de_sangre/,https://www.reddit.com/r/WriteStreakES/comments/nyato3/streak_264_una_donación_de_sangre/
donación sangre,preguntaleareddit,ky13xg,Soy técnico en laboratorio clínico y banco de sangre hagan sus preguntas (en especial si son sobre la donación para motivarlos a donar) también de toma de muestras,1610736854.0,54,18,https://www.reddit.com/r/preguntaleareddit/comments/ky13xg/soy_técnico_en_laboratorio_clínico_y_banco_de/,https://www.reddit.com/r/preguntaleareddit/comments/ky13xg/soy_técnico_en_laboratorio_clínico_y_banco_de/
donación sangre,u_peresit,kwgwnu,✅ Sitges amplía la campaña de donación de sangre.,1610546300.0,0,1,https://www.reddit.com/r/u_peresit/comments/kwgwnu/sitges_amplía_la_campaña_de_donación_de_sangre/,https://i.redd.it/6yy8rwyhv3b61.jpg
donación sangre,ugto,khmuk4,La Secretaría de Salud de Guanajuato a través del Centro Estatal de Medicina Transfusional otorgó a la DCEA el reconocimiento por la campaña de donación de sangre 🩸 aún en las circunstancias actuales.,1608574828.0,0,1,https://www.reddit.com/r/ugto/comments/khmuk4/la_secretaría_de_salud_de_guanajuato_a_través_del/,https://www.reddit.com/r/ugto/comments/khmuk4/la_secretaría_de_salud_de_guanajuato_a_través_del/
donación sangre,u_elshowtv-cordoba,jsu730,Fuerte y preocupante caída de donación de sangre en Córdoba,1605186134.0,0,1,https://www.reddit.com/r/u_elshowtv-cordoba/comments/jsu730/fuerte_y_preocupante_caída_de_donación_de_sangre/,https://www.youtube.com/watch?v=myfgWtH_bv4&feature=share
donación sangre,mexico,jffem2,Ayuda: donación de sangre O negativo,1603295325.0,6,33,https://www.reddit.com/r/mexico/comments/jffem2/ayuda_donación_de_sangre_o_negativo/,https://www.reddit.com/r/mexico/comments/jffem2/ayuda_donación_de_sangre_o_negativo/
donación sangre,u_elshowtv-cordoba,iwzz8i,Radicales realizan campaña de donación de sangre,1600693331.0,0,1,https://www.reddit.com/r/u_elshowtv-cordoba/comments/iwzz8i/radicales_realizan_campaña_de_donación_de_sangre/,https://www.youtube.com/watch?v=bgrtxpB3R5o&feature=share
donación sangre,monterrey,ifwiif,Donación de sangre,1598299115.0,1,0,https://www.reddit.com/r/Monterrey/comments/ifwiif/donación_de_sangre/,https://www.reddit.com/r/Monterrey/comments/ifwiif/donación_de_sangre/
donación sangre,coronavirusargentina,i56cql,"Por la pandemia, la donación de sangre cayó un 80% y abren postas en los barrios para facilitar que la gente vaya a ofrecerla",1596770459.0,0,3,https://www.reddit.com/r/CoronavirusArgentina/comments/i56cql/por_la_pandemia_la_donación_de_sangre_cayó_un_80/,https://www.clarin.com/ciudades/pandemia-donacion-sangre-cayo-80-abren-postas-barrios-facilitar-gente-vaya-ofrecerla_0_TAtvxy9KX.html
donación sangre,mexico_news,hb9e6z,Covid redujo donación de sangre en Veracruz y atrasó cirugías,1592462417.0,0,1,https://www.reddit.com/r/Mexico_News/comments/hb9e6z/covid_redujo_donación_de_sangre_en_veracruz_y/,https://veracruz.lasillarota.com/estados/covid-redujo-donacion-de-sangre-en-veracruz-y-atraso-cirugias-donacion-sangre-covid-bloodchallenge/403621
donación sangre,mexico_news,h991a5,"Por Covid-19, baja hasta 85% la donación de sangre: Salud",1592195817.0,0,1,https://www.reddit.com/r/Mexico_News/comments/h991a5/por_covid19_baja_hasta_85_la_donación_de_sangre/,https://www.eluniversal.com.mx/nacion/sociedad/por-covid-19-baja-hasta-85-la-donacion-de-sangre-salud
donación sangre,coronavirusargentina,h8o354,"""Es amor lo que sangra"", la campaña del Ministerio de Salud que busca promover la donación de sangre durante la pandemia",1592113090.0,0,1,https://www.reddit.com/r/CoronavirusArgentina/comments/h8o354/es_amor_lo_que_sangra_la_campaña_del_ministerio/,https://www.clarin.com/sociedad/-amor-sangra-campana-ministerio-salud-busca-promover-donacion-sangre-pandemia_0__0yz4k5zX.html
donación sangre,huelva,gjjqzf,¡Transmite vida!: maratón de donación de sangre en la Fundación Cajasol,1589451995.0,0,1,https://www.reddit.com/r/Huelva/comments/gjjqzf/transmite_vida_maratón_de_donación_de_sangre_en/,https://huelvaya.es/2020/05/13/transmite-vida-maraton-de-donacion-de-sangre-en-la-fundacion-cajasol/
donación sangre,argentina,g54gp3,"[Rosario] Donación de sangre. Lugares, días y horarios y requisitos.",1587427390.0,5,7,https://www.reddit.com/r/argentina/comments/g54gp3/rosario_donación_de_sangre_lugares_días_y/,https://www.rosario.gob.ar/web/servicios/salud/prevencion-y-promocion/donacion-de-sangre
donación sangre,rosario,g54gk7,"[Rosario] Donación de sangre. Lugares, días y horarios y requisitos.",1587427375.0,5,4,https://www.reddit.com/r/Rosario/comments/g54gk7/rosario_donación_de_sangre_lugares_días_y/,https://www.rosario.gob.ar/web/servicios/salud/prevencion-y-promocion/donacion-de-sangre
donación sangre,uruguay,dypfgt,"Federico Caro on Twitter: Uno de los referentes culturales que apoya a Luis Lacalle Pou es Nicolás Fossati, fue despedido de la Corte Electoral por falsificar partes médicos por donación de sangre y estafar a personas extranjeras cobrando por trámites. #LoQueNosUne",1574192165.0,9,0,https://www.reddit.com/r/uruguay/comments/dypfgt/federico_caro_on_twitter_uno_de_los_referentes/,https://twitter.com/Fedespot/status/1196815753355366403?s=20
donación sangre,u_elshowtv-cordoba,d38z0g,Donación de sangre en Colonia Tirolesa,1568299684.0,0,1,https://www.reddit.com/r/u_elshowtv-cordoba/comments/d38z0g/donación_de_sangre_en_colonia_tirolesa/,https://www.youtube.com/watch?v=izq58rq0abc&feature=share
donación sangre,mexicocity,cl8byh,"Ayuda por favor , donación de sangre para mi padre en Ciudad de México .",1564772356.0,17,41,https://www.reddit.com/r/MexicoCity/comments/cl8byh/ayuda_por_favor_donación_de_sangre_para_mi_padre/,https://www.reddit.com/r/MexicoCity/comments/cl8byh/ayuda_por_favor_donación_de_sangre_para_mi_padre/
donación sangre,videojuegos,b823h4,“Less than a bite” La campaña de donación de sangre de The walking dead,1554123821.0,0,1,https://www.reddit.com/r/videojuegos/comments/b823h4/less_than_a_bite_la_campaña_de_donación_de_sangre/,https://www.reddit.com/r/videojuegos/comments/b823h4/less_than_a_bite_la_campaña_de_donación_de_sangre/
donación sangre,mexico,awnsox,Seguimiento del hilo de donación de sangre/plaquetas ¡Donación exitosa!,1551569172.0,14,16,https://www.reddit.com/r/mexico/comments/awnsox/seguimiento_del_hilo_de_donación_de/,https://www.reddit.com/r/mexico/comments/awnsox/seguimiento_del_hilo_de_donación_de/
donación sangre,u_firepokegirl,a3tld7,Donación de Sangre Hay gente que por religión no la recibe o no la da. Pero los que no creemos como ellos no nos pueden obligar a #Donarsangre. Hoy por un grupo de Wassap me entere de que la madre de un jugador de #intintc de #pokemonGo necesitaba 5 donantes o no la operaban. Por eso fui,1544137912.0,0,1,https://www.reddit.com/r/u_FirePokegirl/comments/a3tld7/donación_de_sangre_hay_gente_que_por_religión_no/,https://i.redd.it/9s27z2l9pq221.jpg
donación sangre,u_coolfmembalse,9paiks,JORGE AGUIRRE - CAMPAÑA DONACIÓN DE SANGRE,1539878039.0,0,1,https://www.reddit.com/r/u_CoolFmEmbalse/comments/9paiks/jorge_aguirre_campaña_donación_de_sangre/,https://www.youtube.com/attribution_link?a=OdtOOIyaNK0&u=%2Fwatch%3Fv%3DcJ497XX7AZw%26feature%3Dshare
donación sangre,umukhasimautonews,8t7tgy,(PrensaPan/Op) Réplica a noticia sobre la donación de sangre,1529731391.0,0,1,https://www.reddit.com/r/UMukhasimAutoNews/comments/8t7tgy/prensapanop_réplica_a_noticia_sobre_la_donación/,https://www.prensa.com/opinion/Replica-noticia-donacion-sangre_0_5059744072.html
donación sangre,newstweetfeed,8p9e9c,"[EL PAIS] Aprender Biología, Estadística... con una campaña de donación de sangre. Juan de Vicente Abad explica cómo el Apren… https://t.co/08JLKqyTqA",1528369420.0,0,1,https://www.reddit.com/r/newstweetfeed/comments/8p9e9c/el_pais_aprender_biología_estadística_con_una/,https://twitter.com/el_pais/status/1004680082059866113
donación sangre,newstweetfeed,82f6yb,[Jorge Sanchez] RT @saludand: 🔴‼ Hacemos un llamamiento urgente a la donación de sangre ante la escasez de reservas en todos los grupos sanguíneos tras el…,1520344316.0,0,1,https://www.reddit.com/r/newstweetfeed/comments/82f6yb/jorge_sanchez_rt_saludand_hacemos_un_llamamiento/,https://twitter.com/jslindquist/status/971020203457998849
donación sangre,gasteiz,7xx7c2,Este sábado donación de sangre junto al centro cívico Zabalgana,1518766394.0,0,1,https://www.reddit.com/r/gasteiz/comments/7xx7c2/este_sábado_donación_de_sangre_junto_al_centro/,https://www.reddit.com/r/gasteiz/comments/7xx7c2/este_sábado_donación_de_sangre_junto_al_centro/
donación sangre,newstweetfeed,7ww8ce,"[Jorge Sanchez] BBC Mundo - La fascinante historia del doctor Bethune, el pionero de la donación de sangre en la Guerra Civil españ… https://t.co/zGJVgdxoGk",1518388986.0,0,1,https://www.reddit.com/r/newstweetfeed/comments/7ww8ce/jorge_sanchez_bbc_mundo_la_fascinante_historia/,https://twitter.com/jslindquist/status/962818988110688256
donación sangre,gasteiz,7slzv4,Superhéroes de la Sangre: éxito de la campaña de donación en el colegio San Prudencio,1516786700.0,0,1,https://www.reddit.com/r/gasteiz/comments/7slzv4/superhéroes_de_la_sangre_éxito_de_la_campaña_de/,https://www.reddit.com/r/gasteiz/comments/7slzv4/superhéroes_de_la_sangre_éxito_de_la_campaña_de/
donación sangre,gasteiz,79m8u8,Donación de sangre hasta las 13:30 horas en la zona de Universidades,1509348869.0,0,1,https://www.reddit.com/r/gasteiz/comments/79m8u8/donación_de_sangre_hasta_las_1330_horas_en_la/,https://www.reddit.com/r/gasteiz/comments/79m8u8/donación_de_sangre_hasta_las_1330_horas_en_la/
donación sangre,mexico,71c22p,Donación de Sangre MUSA Guadalajara,1505923356.0,0,6,https://www.reddit.com/r/mexico/comments/71c22p/donación_de_sangre_musa_guadalajara/,https://www.reddit.com/r/mexico/comments/71c22p/donación_de_sangre_musa_guadalajara/
donación sangre,nexoinformativo,6t3yey,Realizan campaña para donación altruista de sangre - Nexo Informativo,1502483549.0,0,1,https://www.reddit.com/r/nexoinformativo/comments/6t3yey/realizan_campaña_para_donación_altruista_de/,http://nexoinformativo.com/realizan-campana-donacion-sangre-altruista/
donación sangre,umukhasimautonews,6h5imp,(PrensaPan/Op) Mitos sobre la donación de sangre,1497418108.0,0,1,https://www.reddit.com/r/UMukhasimAutoNews/comments/6h5imp/prensapanop_mitos_sobre_la_donación_de_sangre/,http://www.prensa.com/opinion/Mitos-donacion-sangre_0_4779272185.html
donación sangre,madrid,5h15ho,Maratón de donación de sangre 2016,1481131300.0,0,3,https://www.reddit.com/r/Madrid/comments/5h15ho/maratón_de_donación_de_sangre_2016/,http://www.madrid.org/cs/Satellite?cid=1259569862926&pagename=PortalSalud/Page/PTSA_pintarContenidoFinal
donación sangre,argentina,523apj,Donde en el Capital recomiendan para donar sangre?,1473517320.0,25,16,https://www.reddit.com/r/argentina/comments/523apj/donde_en_el_capital_recomiendan_para_donar_sangre/,https://www.reddit.com/r/argentina/comments/523apj/donde_en_el_capital_recomiendan_para_donar_sangre/
donación sangre,argentina,3lc3oe,Donación de Sangre: Un modelo basado en la solidaridad,1442516315.0,0,1,https://www.reddit.com/r/argentina/comments/3lc3oe/donación_de_sangre_un_modelo_basado_en_la/,http://www.pagina12.com.ar/diario/sociedad/3-281837-2015-09-17.html
donación sangre,mexico,11kknk,Campaña de Donación de Sangre 2012 Cruz Roja Mexicana...no te cuesta nada ayudar.,1350398089.0,4,16,https://www.reddit.com/r/mexico/comments/11kknk/campaña_de_donación_de_sangre_2012_cruz_roja/,http://youtu.be/J_BtRcBp_gA?hd=1
donacion sangre,cdmxexpats,1qn0coi,Gatita Necesita Donaciones de Sangre,1769386540.0,1,0,https://www.reddit.com/r/CDMXExpats/comments/1qn0coi/gatita_necesita_donaciones_de_sangre/,/r/CDMX/comments/1qn0c7j/gatita_necesita_donaciones_de_sangre/
donacion sangre,cdmx,1qn0c7j,Gatita Necesita Donaciones de Sangre,1769386508.0,3,9,https://www.reddit.com/r/CDMX/comments/1qn0c7j/gatita_necesita_donaciones_de_sangre/,https://www.reddit.com/r/CDMX/comments/1qn0c7j/gatita_necesita_donaciones_de_sangre/
donacion sangre,andalucia,1qhkboj,¿Hacen falta donaciones de sangre para los afectados?,1768864966.0,13,9,https://www.reddit.com/r/Andalucia/comments/1qhkboj/hacen_falta_donaciones_de_sangre_para_los/,/r/Malaga/comments/1qhkad5/hacen_falta_donaciones_de_sangre_para_los/
donacion sangre,mexico_politics,1lqz9vz,Sen. Davis (GPMorena) propone permutar horas de servicio social por donaciones de sangre,1751572730.0,0,1,https://www.reddit.com/r/mexico_politics/comments/1lqz9vz/sen_davis_gpmorena_propone_permutar_horas_de/,https://www.youtube.com/watch?v=5XxLVO7jCyo
donacion sangre,lasaventurasdeenrique,1h5w5f2,Los de las donaciones de sangre del tal Rafael Conde...,1733255045.0,0,1,https://www.reddit.com/r/LasAventurasDeEnrique/comments/1h5w5f2/los_de_las_donaciones_de_sangre_del_tal_rafael/,https://i.redd.it/41r9f0p4to4e1.png
donacion sangre,malaga,1efp1jo,Hacen falta donaciones de sangre para cubrir la mayor demanda de la Costa del Sol en verano,1722331888.0,0,0,https://www.reddit.com/r/Malaga/comments/1efp1jo/hacen_falta_donaciones_de_sangre_para_cubrir_la/,https://www.malagahoy.es/malaga/donaciones-sangre-demanda-verano-costa-sol-malaga_0_2002002850.html
donacion sangre,u_saludnaturalhoy,1be6fo0,"La Hemoterapia Donacion De Sangre,Beneficios De La Hemoterapia,Que Es Co...",1710372693.0,1,1,https://www.reddit.com/r/u_saludnaturalhoy/comments/1be6fo0/la_hemoterapia_donacion_de_sangrebeneficios_de_la/,https://youtube.com/watch?v=OnewbwOOMVA&si=OSCN4qO0-mUaKRvx
donacion sangre,madrid,15sopzg,Donaciones de sangre urgentes necesarias,1692189379.0,1,6,https://www.reddit.com/r/Madrid/comments/15sopzg/donaciones_de_sangre_urgentes_necesarias/,https://twitter.com/Madridonasangre/status/1691764651539705974?s=20
donacion sangre,mexico,12eqapf,Donacion de Sangre / Rant,1680883911.0,17,2,https://www.reddit.com/r/mexico/comments/12eqapf/donacion_de_sangre_rant/,https://www.reddit.com/r/mexico/comments/12eqapf/donacion_de_sangre_rant/
donacion sangre,madrid,11dd4r0,Madrid pide donaciones urgentes de sangre: necesita 1.200 diarias en una semana,1677508048.0,11,38,https://www.reddit.com/r/Madrid/comments/11dd4r0/madrid_pide_donaciones_urgentes_de_sangre/,https://www.20minutos.es/noticia/5104961/0/madrid-pide-donaciones-sangre-urgentes-1200-donaciones-diarias-semana/?utm_source=twitter.com&utm_medium=smm&utm_campaign=noticias
donacion sangre,argentina,xs87tb,Una ciudad de Salta permite pagar las multas de tránsito con donaciones de sangre,1664561409.0,53,83,https://www.reddit.com/r/argentina/comments/xs87tb/una_ciudad_de_salta_permite_pagar_las_multas_de/,https://www.infobae.com/sociedad/2022/09/30/una-ciudad-de-salta-permite-pagar-las-multas-de-transito-con-donaciones-de-sangre/
donacion sangre,republicadechile,x635s5,"Hola, se necesitan donaciones de sangre",1662340604.0,2,27,https://www.reddit.com/r/RepublicadeChile/comments/x635s5/hola_se_necesitan_donaciones_de_sangre/,https://i.redd.it/0mdk9b68nrl91.jpg
donacion sangre,colombia,wbgvod,"Esta es la nueva sala de donantes de sangre en la Cruz Roja Cali, Realice mi donacion en este lugar y fue una excelente experiencia ¿Que les parece? ¿diferente o parecida a otras salas de donacion que conozcan? ¿que creen que deberia tener un lugar para donar sangre? LOS LEO...",1659131871.0,1,3,https://www.reddit.com/r/Colombia/comments/wbgvod/esta_es_la_nueva_sala_de_donantes_de_sangre_en_la/,https://www.reddit.com/gallery/wbgvod
donacion sangre,puertorico,vv6o7q,Opinion sobre la compensacion por donacion d ePlasma y/o sangre?,1657387778.0,6,9,https://www.reddit.com/r/PuertoRico/comments/vv6o7q/opinion_sobre_la_compensacion_por_donacion_d/,https://www.reddit.com/r/PuertoRico/comments/vv6o7q/opinion_sobre_la_compensacion_por_donacion_d/
donacion sangre,mundotves,vf3uiz,Las donaciones de sangre son necesarias #mundotv,1655550054.0,0,1,https://www.reddit.com/r/mundotves/comments/vf3uiz/las_donaciones_de_sangre_son_necesarias_mundotv/,https://www.youtube.com/watch?v=J8VX-ao5fs4&feature=youtu.be
donacion sangre,extj,n068l5,La Atalaya n 5 - 2016 pregunta ¿DÓNDE PODEMOS ENCONTRAR CONSUELO? pero la Watchtower evitará decirle al público es que miles de Testigos de Jehová tuvieron que encontrar consuelo una vez que una persona de su familia murió debido a sus Doctrinas por no aceptar donaciones de SANGRE u ÓRGANOS.,1619581759.0,1,7,https://www.reddit.com/r/Extj/comments/n068l5/la_atalaya_n_5_2016_pregunta_dónde_podemos/,https://i.redd.it/f5omyzbk6uv61.jpg
