post_permalink,comment_id,clean_text
https://www.reddit.com/r/spain/comments/zmkypt/acudid_a_donar_sangre_quien_pueda_hace_falta/,j0bu7si,no soy español pero vivo aqui desde hace años y desde entonces acudo cada o meses para donar es algo que hacia ya en mi pais de origen y que queria seguir aqui tambien de hecho queria ir de nuevo para mi cuarta donacion este año hace semanas pero tuve un resfrio y todavia no estoy recuperado pero en cuanto este y me imagino que no deberia tardar mucho ya a volveré para completar el año es una cosilla pequeñita que puedo hacer para ayudar a los demas y me parece un acto muy importante de solidaridad si es verdad que no te dan muchas ventajas aqui en españa siendo donante en mi pais de origen te dan el dia libre tickets restaurant eso serian unos euros y descuento a la hora de comprarte una tarjeta de transporte y aun asi la gente no va para donar pero al final no lo hago para que me den estas cositas sino porque es muy sencillo y ademas despues me siento mejor conmigo mismo asi que gente a donar
https://www.reddit.com/r/spain/comments/zmkypt/acudid_a_donar_sangre_quien_pueda_hace_falta/,j0fswe9,donde acudo yo valencia te dan un zumitouna botella de agua y frutos secos o rosquilletas a veces te dan un boli o algo asi parece que es diferente en cada comunidad autonoma
https://www.reddit.com/r/spain/comments/zmkypt/acudid_a_donar_sangre_quien_pueda_hace_falta/,j0gcqei,oye a mi me gustan los bollos yo personalmente no puedo donar porque tube cáncer de sangre pero de las ciudades en las que he vivido la bollería de málaga de las mejores
https://www.reddit.com/r/spain/comments/zmkypt/acudid_a_donar_sangre_quien_pueda_hace_falta/,j0egslp,no va un poco contra el espíritu de donar algo que lo estés diciendo todo el dia
https://www.reddit.com/r/spain/comments/zmkypt/acudid_a_donar_sangre_quien_pueda_hace_falta/,j0f2nyk,cómo llegas a esa conclusión yo creo que es al contrario alguien dona sangre porque lo ve como algo necesario como cree que está haciendo una buena acción se enorgullece y presume de ello además también trata de persuadir a los demás para que sigan con su ejemplo no hay nada que se contradiga en esa situación otro gallo cantaría si fuese como por ejemplo los youtubers que se graban donando dinero a sintechos por la calle ahí ellos están ganando muchísimo más de lo que le están dando a esa persona además de ganar fama de buena persona en las redes están sacando un rédito económico de esa acción por todas partes pero un random en reddit que dice que dona sangre al siguiente post que lo leas poner algo no vas a acordarte de que era él no está ganando ni buena ni mala fama porque no es un personaje público no hay nada reprochable aquí además dices que lo estés diciendo todo el día porque ha puesto un comentario sobre ello tampoco sé de dónde sacas que está todo el día hablando de lo mismo
https://www.reddit.com/r/spain/comments/zmkypt/acudid_a_donar_sangre_quien_pueda_hace_falta/,j0ep3cl,si donas sangre periodicamente como si quieres llevar una bandera mientras haya gente q no tenga problemas por falta de sangre dpm
https://www.reddit.com/r/spain/comments/zmkypt/acudid_a_donar_sangre_quien_pueda_hace_falta/,j0bxmci,antes de que no me dejaran donar por gordo me gustaba ir periódicamente mi meta actual es adelgazar lo suficiente para que me dejen de nuevo
https://www.reddit.com/r/spain/comments/zmkypt/acudid_a_donar_sangre_quien_pueda_hace_falta/,j0gcwnq,debería de ser al revés donar sangre es lo que más calorías gasta no le dejarán ahora porque los niveles de grasas en la sangre son demasiado altos
https://www.reddit.com/r/spain/comments/zmkypt/acudid_a_donar_sangre_quien_pueda_hace_falta/,j0boxfj,creo que lo del bocata ya no se hace mi padre suele donar siempre y diria que es algo que ya no esta
https://www.reddit.com/r/spain/comments/zmkypt/acudid_a_donar_sangre_quien_pueda_hace_falta/,j0c021r,sera eso o incluso cambiará de centro a centro a mi me dieron hace cosa de un mes aunque esta vez eran sándwiches guarrillos del mercadona como comenta alguien mas abajo espero que haya sido cosa de un dia
https://www.reddit.com/r/spain/comments/zmkypt/acudid_a_donar_sangre_quien_pueda_hace_falta/,j0dyibq,hace unos meses había donaciones en mi universidad y quería ir ahora que tengo pero resulta que no llego al peso
https://www.reddit.com/r/spain/comments/zmkypt/acudid_a_donar_sangre_quien_pueda_hace_falta/,j0carzh,siii cuando done me dieron una caja con agua galletas zumo y un bocata además de un hub usb que sigo usando a día de hoy y una botellita de cristal con funda ambos con el logo del centro de transfusiones
https://www.reddit.com/r/spain/comments/zmkypt/acudid_a_donar_sangre_quien_pueda_hace_falta/,j0bxop7,en salamanca ponen sandwiches de esos cutres del mercadona
https://www.reddit.com/r/spain/comments/zmkypt/acudid_a_donar_sangre_quien_pueda_hace_falta/,j0cad0t,que va tio la ultima vez que done en la fe me dieron orxata y fartons cutrecillos claro pero que valenciano dice que no a una orxata
https://www.reddit.com/r/spain/comments/zmkypt/acudid_a_donar_sangre_quien_pueda_hace_falta/,j0fgoz2,fui hace pocos meses a donar y me dieron un zumo y un bocadillo
https://www.reddit.com/r/spain/comments/zmkypt/acudid_a_donar_sangre_quien_pueda_hace_falta/,j0bqji4,tengo curiosidad por qué el tiempo de espera entre donaciones en hombres es meses y las mujeres
https://www.reddit.com/r/spain/comments/zmkypt/acudid_a_donar_sangre_quien_pueda_hace_falta/,j0bvbmi,fuente con qué frecuencia se puede donar sangre se puede donar sangre con un intervalo mínimo de meses los hombres pueden donar hasta veces en un año natural y las mujeres esta diferencia no es discriminación sino para compensar las pérdidas que tienen las mujeres por la regla
https://www.reddit.com/r/spain/comments/zmkypt/acudid_a_donar_sangre_quien_pueda_hace_falta/,j0dxu2r,pregunta seria el sexo con condón con alguien que no es tu pareja habitual cuenta como relación de riesgo y por lo tanto descalifica a la hora de donar
https://www.reddit.com/r/spain/comments/zmkypt/acudid_a_donar_sangre_quien_pueda_hace_falta/,j0dyx0t,si no recuerdo mal la pregunta al respecto hay un listado antes de donar con unas preguntas de respuesta sino es si has tenido relaciones sexuales sin protección con alguien que no es tu pareja habitual el sexo con condón te permitiría donar la verdad es que no la recuerdo muy bien porque como se que esa no la he incumplido ni me la leo pero estoy bastante convencido
https://www.reddit.com/r/spain/comments/zmkypt/acudid_a_donar_sangre_quien_pueda_hace_falta/,j0e1xj8,bueno es saberlo la verdad que estaba evitando donar por no tener pareja
https://www.reddit.com/r/spain/comments/zmkypt/acudid_a_donar_sangre_quien_pueda_hace_falta/,j0fw4xy,pero no hacen ya un análisis de la sangre una vez extraida para ver si hay infecciones
https://www.reddit.com/r/spain/comments/zmkypt/acudid_a_donar_sangre_quien_pueda_hace_falta/,j0g0vq5,según tengo entendido si y en caso de tener alguna ets u otra enfermedad te avisarían pero aún así se desaconseja donar si sabes que hay riesgo quizás por logística eso no lo sé
https://www.reddit.com/r/spain/comments/zmkypt/acudid_a_donar_sangre_quien_pueda_hace_falta/,j0ce5i5,yo no puedo porque vivía en reino unido durante los años s pero sí tienes que tener al menos años
https://www.reddit.com/r/spain/comments/zmkypt/acudid_a_donar_sangre_quien_pueda_hace_falta/,j0cs7s5,gtlas vacas locas exacto eso gt enfermedad de creutzfeldjacob las personas que hayan residido por un periodo acumulativo de año en reino unido en el periodo
https://www.reddit.com/r/spain/comments/zmkypt/acudid_a_donar_sangre_quien_pueda_hace_falta/,j0cun2e,yo también es una lástima que no nos permiten donar sangre
https://www.reddit.com/r/spain/comments/zmkypt/acudid_a_donar_sangre_quien_pueda_hace_falta/,j0c5fqu,me llamaron de la red transfusional de canarias para donar que era necesaria mi sangre por ser valiosa me concertaron cita en un centro de mayores pero he acudido ya dos veces y me lo encuentro cerrado se ve que la persona que comunican conmigo no es local y se equivocan con los puntos de donación estoy esperando a ver el puesto ambulante pero parece que no quieren que done
https://www.reddit.com/r/spain/comments/zmkypt/acudid_a_donar_sangre_quien_pueda_hace_falta/,j0d5hp9,aquí tienes un montón de información y sino en la página del gobierno de canarias también tienes dónde estará el punto itinerante ahora puedes hasta pedir cita y no pillas cola
https://www.reddit.com/r/spain/comments/zmkypt/acudid_a_donar_sangre_quien_pueda_hace_falta/,j0fipq8,si por casualidad estás en las palmas en el hospital negrín tienen un punto de donación de sangre en una de sus plantas me enteré hace poco menos de un mes mientras visitaba a un familiar ingresado y aproveché para donar no sé si sigue activo pero tenían hasta unas flechas por el suelo del hospital que te guiaban osea que dudo que fuera cosa de una semana pero no estoy seguro
https://www.reddit.com/r/spain/comments/zmkypt/acudid_a_donar_sangre_quien_pueda_hace_falta/,j0ce4e5,te juro por dios que yo quiero donar pero peso muy poco para hacerlo no es la primera vez q hago cola de min para que me saquen sangre y q me digan q lo sienten mucho pero que no pueden por mi peso
https://www.reddit.com/r/spain/comments/zmkypt/acudid_a_donar_sangre_quien_pueda_hace_falta/,j0cup92,me pasa lo mismo ademas la tension debes tener de maxima como poco y yo siempre ando entorno a ese numero ampxb los medicos me dicen q no puedo donar pero las veces q estoy en no me psaa nunca nada ampxb podrian en todo caso poner una donacion de la mitad para estos casos digo yo
https://www.reddit.com/r/spain/comments/zmkypt/acudid_a_donar_sangre_quien_pueda_hace_falta/,j0d77v3,las bolsas son siempre del mismo tamaño y no pueden sacarte más del de tu sangre creo que deberían tener bolsas también para gente fina que no llegue a los kg pero por algún motivo no lo hacen
https://www.reddit.com/r/spain/comments/zmkypt/acudid_a_donar_sangre_quien_pueda_hace_falta/,j0ck473,a mi no me dejan porque me medico y me da rabia me gustaría devolver las bolsas que me pusieron a mi cuando tuve en accidente en son muchas bolsas no creo que alguien exageraba cuando me lo contaron o no que sabré yo
https://www.reddit.com/r/spain/comments/zmkypt/acudid_a_donar_sangre_quien_pueda_hace_falta/,j0ccu67,por desgracia me gustaría donar sangre pero porque soy de irlanda y viví allí durante la epidemia de la enfermedad de las vacas locas no me dejen
https://www.reddit.com/r/spain/comments/zmkypt/acudid_a_donar_sangre_quien_pueda_hace_falta/,j0c2p0a,en galicia suelen venir cada año a dar charlas sobre donar sangre y con el bus para quien quiera donar está bastante bien que hagan cosas así por que muchas personas o por lo menos donde estudio se ofrecen a donar
https://www.reddit.com/r/spain/comments/zmkypt/acudid_a_donar_sangre_quien_pueda_hace_falta/,j0cagu6,la última vez que fui no me dejaron porque tenía la tensión muy alta a la mierda los mareos dejadme donar mi puta sangre aaaaaaaaaaaa
https://www.reddit.com/r/spain/comments/zmkypt/acudid_a_donar_sangre_quien_pueda_hace_falta/,j0bkpbn,quiero donar y mi pueblo solo hace colectas cada meses
https://www.reddit.com/r/spain/comments/zmkypt/acudid_a_donar_sangre_quien_pueda_hace_falta/,j0bworq,a mí me llamaron hoy porque va a estar la unidad móvil por aquí pero no puedo por haber tomado antibióticos esperemos que se anime mucha gente
https://www.reddit.com/r/spain/comments/zmkypt/acudid_a_donar_sangre_quien_pueda_hace_falta/,j0cpwbd,incluso si a alguien le interesa el tema podéis preguntar por donar por aféresis es un proceso lento tardas una hora o algo más o algo menos y la clave del asunto es que te sacan la sangre separando sus componentes a mi me lo ofrecieron en mi centro la mejor parte es que te sacan lo que necesitan y te devuelven el resto así que puedes hacerlo cada meses creo que no lo he explicado del todo bien pero bueno ahí tenéis algo de información
https://www.reddit.com/r/spain/comments/zmkypt/acudid_a_donar_sangre_quien_pueda_hace_falta/,j0ccwzj,tengo hemocromatosis no puedo donar antes de donar preguntaos si podéis
https://www.reddit.com/r/spain/comments/zmkypt/acudid_a_donar_sangre_quien_pueda_hace_falta/,j0cr51y,o años donando y pensando que era una rara avis y resulta que aquí asturias hay una gran proporción de o respecto a otras provinciascomunidades
https://www.reddit.com/r/spain/comments/zmkypt/acudid_a_donar_sangre_quien_pueda_hace_falta/,j0d6xlm,no puedo porque estuve hace tres semanas pero lo he visto y están todos los grupos bajísimos chicos animaos es un momento y te van a medir antes la hemoglobina para asegurarse que estás bien
https://www.reddit.com/r/spain/comments/zmkypt/acudid_a_donar_sangre_quien_pueda_hace_falta/,j0dwda6,gracias a cada uno de vosotros que donan durante los últimos meses he tenido una transfusión de sangre o plaquetas casi todas las semanas he estado libre de transfusiones durante casi semanas después de un transplante de médula osea has ayudado a salvar mi vida
https://www.reddit.com/r/spain/comments/zmkypt/acudid_a_donar_sangre_quien_pueda_hace_falta/,j0fv1x8,en mi familia cercana he tenido dos casos de leucemia ambos con necesidad de transfusiones jamás hubo ningún comentario negativo o juicio por la cantidad de sangre usada sólo una necesidad vital cubierta después de esa experiencia llevo donaciones y las que vendrán además me dejan arramplar con los cacahuetes de la sala postdonación y siempre se agradecen cacahuetes espero que te vaya todo bien con el transplante
https://www.reddit.com/r/spain/comments/zmkypt/acudid_a_donar_sangre_quien_pueda_hace_falta/,j0f62la,venga en serio mañana dono sangre por la mañana que no tengo nada que hacer soy donante habitual y
https://www.reddit.com/r/spain/comments/zmkypt/acudid_a_donar_sangre_quien_pueda_hace_falta/,j0i77td,es absurdo porque igualmente deberían estar haciéndole pruebas a la sangre la gente puede tener algo y no haberse tatuado
https://www.reddit.com/r/spain/comments/zmkypt/acudid_a_donar_sangre_quien_pueda_hace_falta/,j0ih8p4,es por el periodo de ventana y es comprensible de que se aseguren de ello por responsabilidad con el recipiente de la sangre si la gente puede tener algo pero igualmente firmas un papel en el que aceptas las condiciones para donar y conoces las condiciones para no donar
https://www.reddit.com/r/spain/comments/zmkypt/acudid_a_donar_sangre_quien_pueda_hace_falta/,j0drg3j,y de ahí no bajo si a mi generación nos vaís a vender casas por un pastizal y nos vais a quitar medio sueldo para mantener a media población jubilada me pagáis la sangre un saludo y buenas noches
https://www.reddit.com/r/spain/comments/zmkypt/acudid_a_donar_sangre_quien_pueda_hace_falta/,j0e5ube,se te va un poco la pinza si donas sangre el que la va a usar es tu vecino no esos que te están quitando la posibilidad de comprar una casa o que te hacen pagar impuestos no confundamos las cosas es una manera absurda de ser egoísta
https://www.reddit.com/r/spain/comments/zmkypt/acudid_a_donar_sangre_quien_pueda_hace_falta/,j0co9en,a mi no me dejan por calvo antes cuanto no tenia pareja estable tampoco me dejabany ahora que tengo pareja pero no quiero quedarme calvo tampoco puedo por estar tomando finasteridalo que me hace plantear quán chunga debe ser si no puedo donar sangre mientras la tome
https://www.reddit.com/r/spain/comments/zmkypt/acudid_a_donar_sangre_quien_pueda_hace_falta/,j0e3eb7,que me paguen que mucho donar y mucha caridad pero luego ellos la venden
https://www.reddit.com/r/spain/comments/zmkypt/acudid_a_donar_sangre_quien_pueda_hace_falta/,j0d00dy,sin sangre llevamos desde la primera mentira de pedro sánchez
https://www.reddit.com/r/spain/comments/zmkypt/acudid_a_donar_sangre_quien_pueda_hace_falta/,j0cfnlf,hay límite de edad para donar tengo y no sé si me dejarían
https://www.reddit.com/r/spain/comments/zmkypt/acudid_a_donar_sangre_quien_pueda_hace_falta/,j0d73c2,ni idea de que tipo de sangre tengo hace falta de todos o de un tipo en concreto
https://www.reddit.com/r/spain/comments/zmkypt/acudid_a_donar_sangre_quien_pueda_hace_falta/,j0dehax,a mi me encanta ir a donar por desgracia dónde yo donó suele ser de h a h y casi siempre me pilla currando
https://www.reddit.com/r/spain/comments/zmkypt/acudid_a_donar_sangre_quien_pueda_hace_falta/,j0dmqwy,oye pero si fumas maria puedes donar diria que no y me jode un monton
https://www.reddit.com/r/spain/comments/zmkypt/acudid_a_donar_sangre_quien_pueda_hace_falta/,j0dtcce,no me dejan donar a pesar de ser del grupo más común
https://www.reddit.com/r/spain/comments/zmkypt/acudid_a_donar_sangre_quien_pueda_hace_falta/,j0dwpu3,la próxima vez que veo la posibilidad voy a donar mi pareja tiene unos problemas con su tensión últimamente y no quiero excluirla
https://www.reddit.com/r/spain/comments/zmkypt/acudid_a_donar_sangre_quien_pueda_hace_falta/,j0eltj4,si dejasen donar más lo haría no por altruismo sino porque en los bancos de sangre de cataluña dan unas patatas tostadas con sabor a tomate y orégano que son cristo bendito ah y también por altruismo voy religiosamente cada meses salvo pandemia
https://www.reddit.com/r/spain/comments/zmkypt/acudid_a_donar_sangre_quien_pueda_hace_falta/,j0fgn9y,aaaaamigo por eso me spamean el correo electrónico para ir a donar bueno en ese caso habrá que ir
https://www.reddit.com/r/spain/comments/zmkypt/acudid_a_donar_sangre_quien_pueda_hace_falta/,j0fquig,porque nunca sabes lo que la vida tiene preparado para ti hazte donante de medula ósea lo más seguro es que nunca te llamen pero al menos estarás en una base de datos por si alguna persona compatible que necesite médula pueda usar tu ayuda da permiso para transplante de órganos y tejidos llegado el momento y por supuesto donante de sangre
https://www.reddit.com/r/spain/comments/zmkypt/acudid_a_donar_sangre_quien_pueda_hace_falta/,j0fzvhw,es una pena pero me da a mí que llegará un día que estaremos bajo mínimos y tendrán que dar incentivos aun mayores para que la gente acuda a donar sangre
https://www.reddit.com/r/spain/comments/zmkypt/acudid_a_donar_sangre_quien_pueda_hace_falta/,j0g0kei,si dono desde otra comunidad van a enviar la sangre allí o se la quedara mi territorio
https://www.reddit.com/r/spain/comments/zmkypt/acudid_a_donar_sangre_quien_pueda_hace_falta/,j0g2cp6,no era que españa es el país donde más sangre se dona cómo se ha llegado a esta situación
https://www.reddit.com/r/spain/comments/zmkypt/acudid_a_donar_sangre_quien_pueda_hace_falta/,j0glpiw,creo que bajó mucho desde la pandemia y no sé exactamente cuando pero añadieron restricciones la última vez que fui no me dejaron donar por haberme hecho la pedicura menos de un mes antes antes no había problema con eso ni te preguntaban por manicuras o pedicuras
https://www.reddit.com/r/Madrid/comments/1lxy4cr/la_comunidad_de_madrid_recuerda_la_necesidad_de/,n2ri680,aprovecho este post para mencionar que españa se encuentra rozando mínimos históricos de donaciones sanguíneas solamente siendo menores las obtenidas durante el confinamiento por la pandemia de la covid así que todos los que lean este mensaje sean de la comunidad de madrid o de cualquier otra porfa porfa porfa considerad haceros donantes de sangre que es un recurso fundamental y cada vez más escaso
https://www.reddit.com/r/Madrid/comments/1lxy4cr/la_comunidad_de_madrid_recuerda_la_necesidad_de/,n2u3bml,i tried to donate but the doctor turned me away because i was speaking english he said that i need to be fluent in spanish or can understand the language to be able to donate the thing was i already donated in there before and i even showed him my donor card he still declined
https://www.reddit.com/r/Madrid/comments/1lxy4cr/la_comunidad_de_madrid_recuerda_la_necesidad_de/,n312dcz,ya pasé el periodo de cuatro meses después de un tatuaje y ya he hecho la segunda donación del año ahora en septiembre la próxima
https://www.reddit.com/r/Madrid/comments/1lxy4cr/la_comunidad_de_madrid_recuerda_la_necesidad_de/,n2rzotd,english posts must be directly related to the subreddits main topic and purpose offtopic content including unrelated discussions personal stories that dont connect to the community theme or content that belongs in other subreddits will be removed before posting ask yourself does this clearly relate to what this community is about spanish las publicaciones deben estar directamente relacionadas con el tema principal y propósito del subreddit el contenido fuera de tema incluyendo discusiones no relacionadas historias personales que no se conecten con la temática de la comunidad o contenido que pertenezca a otros subreddits será eliminado antes de publicar pregúntate esto se relaciona claramente con lo que trata esta comunidad
https://www.reddit.com/r/Madrid/comments/16ff4nj/donde_donar_sangre/,k02wbyj,da un vistazo
https://www.reddit.com/r/Madrid/comments/16ff4nj/donde_donar_sangre/,k02uu2k,buenos días creo que lo que indicas es un mito sin embargo si lo deseas todos los grandes hospitales tienen un lugar donde donar sangre que termina directamente una vez procesado en el banco de sangre tienes mucha información en el centro de transfusión
https://www.reddit.com/r/Madrid/comments/16ff4nj/donde_donar_sangre/,k02x1xa,no es un mito como explican en su web en sanidad nada es gratis sic el convenio actual fija que el importe de cada bolsa de sangre que obtiene cruz roja sea de en ese coste corresponde en un a los costes de personal cualificado y el restante a costes de suministros y material sanitario
https://www.reddit.com/r/Madrid/comments/16ff4nj/donde_donar_sangre/,k02v04y,añado si aún tienes dudas seguro que están encantados de resolverlas teléfono correo electrónico atenciondonantesaludmadridorgmailtoatenciondonantesaludmadridorg
https://www.reddit.com/r/Madrid/comments/16ff4nj/donde_donar_sangre/,k03ch8y,hospitales grandes con banco de sangre como la paz y ramón y cajal
https://www.reddit.com/r/Madrid/comments/16ff4nj/donde_donar_sangre/,k05h3yr,sí pero cerca de casa no hay ningún hospital grande antes doné en un puesto de la cruz roja pero no lo quiero repetir
https://www.reddit.com/r/Madrid/comments/16ff4nj/donde_donar_sangre/,k0899m2,buenos días en vl barrio de valdebernardo tienes un centro de transfusión de sangre espero haberte ayudado un saludo
https://www.reddit.com/r/Madrid/comments/101gm49/como_donar_sangre_en_madrid/,j2negux,mira bien la parte de puntos móviles
https://www.reddit.com/r/Madrid/comments/101gm49/como_donar_sangre_en_madrid/,j2nommd,también está la opción de donar a la cruz roja
https://www.reddit.com/r/Madrid/comments/101gm49/como_donar_sangre_en_madrid/,j2o80og,si vas a donar sangre dónala en hospitales no a la cruz roja la cruz roja vende esa sangre que donas a la comunidad por pavos la bolsa no es una venta directa pero básicamente se les paga para hacer extracciones fuera de hospitales y luego la llevan a los hospitales
https://www.reddit.com/r/Madrid/comments/101gm49/como_donar_sangre_en_madrid/,j2o96ws,sin problema he donado en la cruz roja toda la vida
https://www.reddit.com/r/Madrid/comments/101gm49/como_donar_sangre_en_madrid/,j2qtzhj,lo acordado es que se les paga el material el personal y el servicio de extracción en remoto por así decir no es tan horrible como tengo tanta sangre cuánto me pagas como si fuera un mercado por eso puse vende y explique de donde sale el precio pero al fin y al cabo es un pago que se hace para que la sangre donada llegue al mismo sitio si donas directamente en el hospital ahorras a la comunidad euros para lugares donde no hay acceso rápido a hospitales es un servicio decente ya que estarían obligados a desplazamientos pero si tienes relativo fácil acceso a un hospital mejor hacerlo ahí que en la cruz roja
https://www.reddit.com/r/Madrid/comments/101gm49/como_donar_sangre_en_madrid/,j2qxg8c,gt si donas directamente en el hospital ahorras a la comunidad euros como si el hospital no tuviera que cubrir casi los mismos costes la gran diferencia es básicamente el bus puede que les ahorres o de diferencia y con la diferencia de sueldos entre sanidad y la cruz roja puede que no sea ahorro de ningún tipo tienes que saber cuánto les cuesta en el hospital para hacer la comparativa bien
https://www.reddit.com/r/Madrid/comments/101gm49/como_donar_sangre_en_madrid/,j2onlok,donar plasma no es difícil tampoco y se puede hacer cada mes el único inconveniente es que hay que ir al centro de transfusiones de la cam en vicálvaro
https://www.reddit.com/r/Madrid/comments/1pmblgw/campaña_de_navidad_para_la_donación_de_sangre/,nu0cogr,os animo a donar sangre lo hice hace poco tiempo y no puedo donar este mes ero en enero volveré a donar también os animo a registrarse como donante de médula ayudemos a nuestra comunidad
https://www.reddit.com/r/Madrid/comments/1pmblgw/campaña_de_navidad_para_la_donación_de_sangre/,nuapu6f,antemano si la cruz roja cobra pavos por bolsa de sangre que dan pero eso es por cubrir costes basicamnete se les paga los costes de recogida manipulacion y transporte de la sangre entiendes que no es exactamente un kebab que lo puede llevar por ahi un glovo es mas para que la gente no venga por eso de la cruz roja cobra por la sagre la cruz roja hace muchas cosas que son una mierda pero esto no es una de ellas
https://www.reddit.com/r/Madrid/comments/1pmblgw/campaña_de_navidad_para_la_donación_de_sangre/,nudu3sz,pues para ti yo seguiré donando en los hospitales públicos y que se ahorra en donaciones estás mal informado son más el material médico
https://www.reddit.com/r/Madrid/comments/1pmblgw/campaña_de_navidad_para_la_donación_de_sangre/,ntzk4oh,que paguen ya verás como hacían record de donaciones
https://www.reddit.com/r/Madrid/comments/1pmblgw/campaña_de_navidad_para_la_donación_de_sangre/,nu1v01t,entonces no serían donaciones sino compraventa de sangre
https://www.reddit.com/r/Madrid/comments/1pmblgw/campaña_de_navidad_para_la_donación_de_sangre/,nu6tetj,hace años era napos la bolsa que se dice deprisa no sé si ahora habrán subido precios por eso hay que donar en centros de salud y camiones médicos de la comunidad donde uno vive nunca en cruz roja
https://www.reddit.com/r/Madrid/comments/1pmblgw/campaña_de_navidad_para_la_donación_de_sangre/,nuduau6,era eso más el material medico que en la comunidad de madrid salía de hospitales públicos
