subreddit,id,title,selftext,created_utc,num_comments,score,permalink,url
spain,zmkypt,"Acudid a donar sangre quien pueda, hace falta",,1671110532.0,118,520,https://www.reddit.com/r/spain/comments/zmkypt/acudid_a_donar_sangre_quien_pueda_hace_falta/,https://i.redd.it/fo8m436lt36a1.jpg
es,1lzwwg2,Opiniones sobre donar sangre de forma altruista,"Hola a todos,
El motivo de mi mensaje es que estoy buscando opiniones de gente que ha hecho esto, y si ha donado alguna vez sangre con el objetivo de Ayudar a los demás.

Me estoy planteando donar en mi ciudad, y era por preguntaros si lo habíais hecho o no y vuestra experiencia o razones 

Un saludo y gracias ",1752523369.0,246,125,https://www.reddit.com/r/es/comments/1lzwwg2/opiniones_sobre_donar_sangre_de_forma_altruista/,https://i.redd.it/hhxqg42rbwcf1.png
es,34ii63,La Unión Europea NO prohíbe a los homosexuales donar sangre,,1430485948.0,1,1,https://www.reddit.com/r/es/comments/34ii63/la_unión_europea_no_prohíbe_a_los_homosexuales/,http://estoybailando.com/la-union-europea-no-ha-prohibido-que-los-homosexuales-donen-sangre/
askspain,1qhtxdb,How Can We Help? 🚂,"Quiero saber si hay algo importante que pueda hacer para ayudar a la gente/comunidad tras la reciente tragedia (accidente de tren). Leí que necesitan sangre. Soy donante universal. Puedo donar sangre.

Tengo mi agenda organizada y estoy en Andalucía. ¿Hay algo más que puedan recomendarnos para ayudar?",1768891659.0,11,11,https://www.reddit.com/r/askspain/comments/1qhtxdb/how_can_we_help/,https://www.reddit.com/r/askspain/comments/1qhtxdb/how_can_we_help/
askspain,1gtgprk,Donación de sangre,¿Puedo donar sangre en España siendo ciudadano no español?,1731859371.0,1,1,https://www.reddit.com/r/askspain/comments/1gtgprk/donación_de_sangre/,https://www.reddit.com/r/askspain/comments/1gtgprk/donación_de_sangre/
askspain,1py8o4i,Consejos para repulsión a la analítica de sangre?,"Buenos días, estos meses me estoy dando cuenta de que realmente debo hacerme una analítica porque mis problemas de salud están, lentamente, incrementando y siento que afecta a mis estudios. Ya he tenido que hacerme dos en mi vida por un problema alimenticio cuando tenía 15 o 16 y la experiencia no fue favorable. Antes de todo, yo realmente no tengo miedo a las agujas. Soporto que me pongan inyecciones &gt;!en encías, cerca al ojo, vacunas...!&lt;. Simplemente es que saber que me están extrayendo sangre de una vena me provoca mucha repulsión y, tras el hecho, pensar en ello me da mucho asco. Las dos veces que comento fui con mi madre, pues era menor de edad. La primera vez, después de salir, empecé a sentir mucha náusea y tuve que encerrarme en un cubículo y sentarme en el suelo unos minutos por si vomitaba (no lo hice). La segunda vez fue horrible, toda la vuelta en autobús llorando. Ni siquiera lo clasificaría como miedo, porque me siento peor después de hacerlo que antes. No paro de recordar que me han sacado sangre y me da náuseas y ganas de llorar. La otra opción es asumir por mi cuenta que vuelvo a tener deficiencia de hierro y volver a tomar hierro, pero realmente no tengo seguridad de esto. Mi dieta es muy limitada porque hay pocas comidas que tolero, así que el problema podría ser cualquier cosa.

Los consejos por internet se enfocan al temor anticipatorio pero a mí me pasan los malos pensamientos después de salir de la sala... No sé si me pueden dar algún consejo para mi caso, temo que me sienta aún peor que las veces anteriores y vomite residuos del día anterior en el autobús de vuelta o algo; incluso simplemente hacer toda la vuelta llorando como antes ya me pone en peligro de cruzarme con alguien que me conozca, lo cual sería bastante humillante considerando que tengo 18 años... Muchas gracias por leer",1766971617.0,5,6,https://www.reddit.com/r/askspain/comments/1py8o4i/consejos_para_repulsión_a_la_analítica_de_sangre/,https://www.reddit.com/r/askspain/comments/1py8o4i/consejos_para_repulsión_a_la_analítica_de_sangre/
Madrid,1lxy4cr,La Comunidad de Madrid recuerda la necesidad de donar sangre en verano para garantizar las necesidades sanitarias,,1752319457.0,10,33,https://www.reddit.com/r/Madrid/comments/1lxy4cr/la_comunidad_de_madrid_recuerda_la_necesidad_de/,https://www.comunidad.madrid/noticias/2025/07/12/comunidad-madrid-recuerda-necesidad-donar-sangre-verano-garantizar-necesidades-sanitarias
Madrid,16ff4nj,Donde donar sangre?,Me gustaría donar sangre en algún lugar que no sea la Cruz Roja. Recuerdo haber leído que la CR tiene un contrato y vende las bolsas de sangre a la comunidad. Quiero donarlo pero no quiero generar dinero a la iglesia ni a niguna institución. Si sabéis algun sitio os agradezco!,1694387927.0,10,1,https://www.reddit.com/r/Madrid/comments/16ff4nj/donde_donar_sangre/,https://www.reddit.com/r/Madrid/comments/16ff4nj/donde_donar_sangre/
Madrid,101gm49,Como donar sangre en Madrid,,1672676677.0,8,9,https://www.reddit.com/r/Madrid/comments/101gm49/como_donar_sangre_en_madrid/,https://www.comunidad.madrid/servicios/salud/donacion-sangre
Madrid,1pmblgw,🩸 Campaña de Navidad para la donación de sangre,\[Más información\](https://x.com/Madridonasangre/status/2000149389248217304?s=20),1765710488.0,11,15,https://www.reddit.com/r/Madrid/comments/1pmblgw/campaña_de_navidad_para_la_donación_de_sangre/,https://v.redd.it/8jsp6ulsj57g1
Madrid,192r3w3,Maratones de donación de sangre,,1704837920.0,0,1,https://www.reddit.com/r/Madrid/comments/192r3w3/maratones_de_donación_de_sangre/,https://www.comunidad.madrid/servicios/salud/donacion-sangre
Madrid,18l3nqg,Maratón de donación de sangre en Madrid,,1702887073.0,0,7,https://www.reddit.com/r/Madrid/comments/18l3nqg/maratón_de_donación_de_sangre_en_madrid/,https://x.com/Madridonasangre/status/1736657553092714988?s=20
Madrid,5h15ho,Maratón de donación de sangre 2016,,1481131300.0,0,3,https://www.reddit.com/r/Madrid/comments/5h15ho/maratón_de_donación_de_sangre_2016/,http://www.madrid.org/cs/Satellite?cid=1259569862926&amp;pagename=PortalSalud/Page/PTSA_pintarContenidoFinal
