videoWebUrl,submittedVideoUrl,input,cid,createTime,createTimeISO,text,diggCount,likedByAuthor,pinnedByAuthor,repliesToId,replyCommentTotal,uid,uniqueId,avatarThumbnail,mentions,detailedMentions
https://www.tiktok.com/@miguelassal/video/7144407447413787909,https://www.tiktok.com/@miguelassal/video/7144407447413787909?_r=1&_t=ZN-93rAkAjcQv0,https://www.tiktok.com/@miguelassal/video/7144407447413787909?_r=1&_t=ZN-93rAkAjcQv0,7144408895078580997,1663437340,2022-09-17T17:55:40.000Z,donar sangre tiene algún riesgo?,31,False,False,,9.0,6845600180181746693,xuanin76,https://p16-common-sign.tiktokcdn-us.com/tos-maliva-avt-0068/7334527962546601989~tplv-tiktokx-cropcenter:100:100.jpg?dr=9640&refresh_token=8f645dfb&x-expires=1771927200&x-signature=2CMhckB8WWycA1qbhOi3rDy6AGA%3D&t=4d5b0474&ps=13740610&shp=30310797&shcp=ff37627b&idc=useast5,[],[]
https://www.tiktok.com/@miguelassal/video/7144407447413787909,https://www.tiktok.com/@miguelassal/video/7144407447413787909?_r=1&_t=ZN-93rAkAjcQv0,https://www.tiktok.com/@miguelassal/video/7144407447413787909?_r=1&_t=ZN-93rAkAjcQv0,7144525132954256133,1663464429,2022-09-18T01:27:09.000Z,"Claro que tiene riesgo, aumenta tu bienestar y tu carma. Corres el riesgo de ser feliz o, incluso, de estar orgulloso de ti.",94,False,False,7144408895078580997,,6839388217647039494,toni.homedes,https://p16-common-sign.tiktokcdn-us.com/tos-maliva-avt-0068/a72becda1c5860059ba292ccc6e27eef~tplv-tiktokx-cropcenter:100:100.jpg?dr=9640&refresh_token=c0227a2c&x-expires=1771927200&x-signature=J6%2F4%2B%2F23qKFKsXylRjn%2Bsjb2J%2Bg%3D&t=4d5b0474&ps=13740610&shp=30310797&shcp=ff37627b&idc=useast5,[],[]
https://www.tiktok.com/@miguelassal/video/7144407447413787909,https://www.tiktok.com/@miguelassal/video/7144407447413787909?_r=1&_t=ZN-93rAkAjcQv0,https://www.tiktok.com/@miguelassal/video/7144407447413787909?_r=1&_t=ZN-93rAkAjcQv0,7144414287490220806,1663438599,2022-09-17T18:16:39.000Z,quisiera donar no más que no me gustan las agujas y el dolor es fuerte así q tenemos un dilema XD,22,False,False,,6.0,6844161284712875013,king_hades___,https://p16-common-sign.tiktokcdn-us.com/tos-maliva-avt-0068/00305ec587ed2e06ab958609f338a569~tplv-tiktokx-cropcenter:100:100.jpg?dr=9640&refresh_token=8cca1c3a&x-expires=1771927200&x-signature=0VPvkK%2BvX7CikMbxmXkVZHWoRo4%3D&t=4d5b0474&ps=13740610&shp=30310797&shcp=ff37627b&idc=useast5,[],[]
https://www.tiktok.com/@miguelassal/video/7144407447413787909,https://www.tiktok.com/@miguelassal/video/7144407447413787909?_r=1&_t=ZN-93rAkAjcQv0,https://www.tiktok.com/@miguelassal/video/7144407447413787909?_r=1&_t=ZN-93rAkAjcQv0,7390716332558484230,1720787475,2024-07-12T12:31:15.000Z,Hoy done sangre y siempre lo hago O- Donante Universal.,7,False,False,,0.0,7051240682191537157,theking1988_,https://p16-common-sign.tiktokcdn-us.com/tos-maliva-avt-0068/62be3e22b4eaf96faedcd755d9b220f6~tplv-tiktokx-cropcenter:100:100.jpg?dr=9640&refresh_token=07aaf477&x-expires=1771927200&x-signature=jWPvmX%2F0ydzDEz1fcquEWPaZbqw%3D&t=4d5b0474&ps=13740610&shp=30310797&shcp=ff37627b&idc=useast5,[],[]
https://www.tiktok.com/@miguelassal/video/7144407447413787909,https://www.tiktok.com/@miguelassal/video/7144407447413787909?_r=1&_t=ZN-93rAkAjcQv0,https://www.tiktok.com/@miguelassal/video/7144407447413787909?_r=1&_t=ZN-93rAkAjcQv0,7144409947228635910,1663437591,2022-09-17T17:59:51.000Z,puede aver un sintoma para el donante?,2,False,False,,1.0,6983150983782728710,username.837292,https://p16-common-sign.tiktokcdn-us.com/tos-maliva-avt-0068/a6f6473d4d7620e9428cc4b5663774a2~tplv-tiktokx-cropcenter:100:100.jpg?dr=9640&refresh_token=ab8d292f&x-expires=1771927200&x-signature=M%2FiuykbRR4lZAK17KiySA9EhL%2F4%3D&t=4d5b0474&ps=13740610&shp=30310797&shcp=ff37627b&idc=useast5,[],[]
https://www.tiktok.com/@miguelassal/video/7144407447413787909,https://www.tiktok.com/@miguelassal/video/7144407447413787909?_r=1&_t=ZN-93rAkAjcQv0,https://www.tiktok.com/@miguelassal/video/7144407447413787909?_r=1&_t=ZN-93rAkAjcQv0,7173390834745918214,1670185224,2022-12-04T20:20:24.000Z,yo voy a ir a donar sangre para ayudar,2,False,False,,0.0,6893315796937065477,anntonniiiio,https://p16-common-sign.tiktokcdn-us.com/tos-maliva-avt-0068/0a05d19fbc7e1cf83e484558fad9f878~tplv-tiktokx-cropcenter:100:100.jpg?dr=9640&refresh_token=34579c41&x-expires=1771927200&x-signature=lrpKE8O8t6DnUoIz2CKiR9J2Uq4%3D&t=4d5b0474&ps=13740610&shp=30310797&shcp=ff37627b&idc=useast5,[],[]
https://www.tiktok.com/@miguelassal/video/7144407447413787909,https://www.tiktok.com/@miguelassal/video/7144407447413787909?_r=1&_t=ZN-93rAkAjcQv0,https://www.tiktok.com/@miguelassal/video/7144407447413787909?_r=1&_t=ZN-93rAkAjcQv0,7587086998456795926,1766506359,2025-12-23T16:12:39.000Z,soy donante. regular cada 4 meses cuando me envian un mensaje de que mi sangre ha sido enviada al hospital para un paciente lloro de emoción me da un bien estar y satisfacción,1,False,False,,0.0,7562093589356119062,zara.cadablancais,https://p19-common-sign.tiktokcdn-us.com/tos-maliva-avt-0068/b186348ab84d38f3e9a15c965bd6f146~tplv-tiktokx-cropcenter:100:100.jpg?dr=9640&refresh_token=3868c989&x-expires=1771927200&x-signature=04G63gnLoVaaXGexqYLB8nt2NmM%3D&t=4d5b0474&ps=13740610&shp=30310797&shcp=ff37627b&idc=useast5,[],[]
https://www.tiktok.com/@miguelassal/video/7144407447413787909,https://www.tiktok.com/@miguelassal/video/7144407447413787909?_r=1&_t=ZN-93rAkAjcQv0,https://www.tiktok.com/@miguelassal/video/7144407447413787909?_r=1&_t=ZN-93rAkAjcQv0,7538575291133657912,1755211356,2025-08-14T22:42:36.000Z,corres el riesgo de ser feliz 🙂,1,False,False,,0.0,7530006293856175112,mirto_honraygloria,https://p16-common-sign.tiktokcdn-us.com/tos-maliva-avt-0068/3a9d02cb1cc8c92f99fcda97d9cc742a~tplv-tiktokx-cropcenter:100:100.jpg?dr=9640&refresh_token=ae3ab61c&x-expires=1771927200&x-signature=cGNCKhNo7F11IHOm%2B5AO%2FtO3dY4%3D&t=4d5b0474&ps=13740610&shp=30310797&shcp=ff37627b&idc=useast5,[],[]
https://www.tiktok.com/@miguelassal/video/7144407447413787909,https://www.tiktok.com/@miguelassal/video/7144407447413787909?_r=1&_t=ZN-93rAkAjcQv0,https://www.tiktok.com/@miguelassal/video/7144407447413787909?_r=1&_t=ZN-93rAkAjcQv0,7173888351823577862,1670301082,2022-12-06T04:31:22.000Z,si dono sangre y quiero hacer ejercicio tengo que esperar un tiempo? si es así cuanto tiempo,1,False,False,,2.0,6818785830628279302,alonso12947,https://p19-common-sign.tiktokcdn-us.com/tos-maliva-avt-0068/7329120340376813574~tplv-tiktokx-cropcenter:100:100.jpg?dr=9640&refresh_token=6cbce082&x-expires=1771927200&x-signature=%2FfPyMeP0TvpQpH6FPR0o2XyarA8%3D&t=4d5b0474&ps=13740610&shp=30310797&shcp=ff37627b&idc=useast5,[],[]
https://www.tiktok.com/@miguelassal/video/7144407447413787909,https://www.tiktok.com/@miguelassal/video/7144407447413787909?_r=1&_t=ZN-93rAkAjcQv0,https://www.tiktok.com/@miguelassal/video/7144407447413787909?_r=1&_t=ZN-93rAkAjcQv0,7144743357271999238,1663515214,2022-09-18T15:33:34.000Z,yo quise donar pero no me dejaron por tener hidrocefalia 😅,1,False,False,,1.0,6862302668456313862,gochet3,https://p16-common-sign.tiktokcdn-us.com/tos-maliva-avt-0068/222b9522d74bc4f0606e49f24b8441ce~tplv-tiktokx-cropcenter:100:100.jpg?dr=9640&refresh_token=5b05c63e&x-expires=1771927200&x-signature=G9oLFs5UN1QzdxbIBl25sdYaxoI%3D&t=4d5b0474&ps=13740610&shp=30310797&shcp=ff37627b&idc=useast5,[],[]
https://www.tiktok.com/@miguelassal/video/7144407447413787909,https://www.tiktok.com/@miguelassal/video/7144407447413787909?_r=1&_t=ZN-93rAkAjcQv0,https://www.tiktok.com/@miguelassal/video/7144407447413787909?_r=1&_t=ZN-93rAkAjcQv0,7145444836619158278,1663678552,2022-09-20T12:55:52.000Z,se puede donar con 17 años?,1,False,False,,4.0,6569398604980338694,noemifrias__,https://p16-common-sign.tiktokcdn-us.com/tos-maliva-avt-0068/4834e440f39057a4dfc3725e560c2371~tplv-tiktokx-cropcenter:100:100.jpg?dr=9640&refresh_token=10886d82&x-expires=1771927200&x-signature=hWMJbYLpmRiPXJaEU%2BXGnCEPGj4%3D&t=4d5b0474&ps=13740610&shp=30310797&shcp=ff37627b&idc=useast5,[],[]
https://www.tiktok.com/@miguelassal/video/7144407447413787909,https://www.tiktok.com/@miguelassal/video/7144407447413787909?_r=1&_t=ZN-93rAkAjcQv0,https://www.tiktok.com/@miguelassal/video/7144407447413787909?_r=1&_t=ZN-93rAkAjcQv0,7144474721220100870,1663452674,2022-09-17T22:11:14.000Z,puedo donar sangre con tensión alta ?,1,False,False,,5.0,6960811788460295174,teznugent,https://p19-common-sign.tiktokcdn-us.com/musically-maliva-obj/1594805258216454~tplv-tiktokx-cropcenter:100:100.jpg?dr=9640&refresh_token=fae004b4&x-expires=1771927200&x-signature=D8Lr2OhKT1WeYY8Yd5%2BiPHUIvD0%3D&t=4d5b0474&ps=13740610&shp=30310797&shcp=ff37627b&idc=useast5,[],[]
https://www.tiktok.com/@miguelassal/video/7144407447413787909,https://www.tiktok.com/@miguelassal/video/7144407447413787909?_r=1&_t=ZN-93rAkAjcQv0,https://www.tiktok.com/@miguelassal/video/7144407447413787909?_r=1&_t=ZN-93rAkAjcQv0,7144442713952748293,1663445212,2022-09-17T20:06:52.000Z,grande,0,False,False,,0.0,7063720167637025798,ignacio_kamakian,https://p16-common-sign.tiktokcdn-us.com/tos-maliva-avt-0068/f8fd235d63fc7c0a078332eaf249f762~tplv-tiktokx-cropcenter:100:100.jpg?dr=9640&refresh_token=b6232b91&x-expires=1771927200&x-signature=1drrqVp7YUqCuBNNadosEbAOiNo%3D&t=4d5b0474&ps=13740610&shp=30310797&shcp=ff37627b&idc=useast5,[],[]
https://www.tiktok.com/@miguelassal/video/7144407447413787909,https://www.tiktok.com/@miguelassal/video/7144407447413787909?_r=1&_t=ZN-93rAkAjcQv0,https://www.tiktok.com/@miguelassal/video/7144407447413787909?_r=1&_t=ZN-93rAkAjcQv0,7592603981689815864,1767790887,2026-01-07T13:01:27.000Z,Gracias por la información campeón,0,False,False,,0.0,7491856888435737605,camaro7_,https://p16-common-sign.tiktokcdn-us.com/tos-maliva-avt-0068/57fa1f73d2797cb7dbfe50e56de9fa84~tplv-tiktokx-cropcenter:100:100.jpg?dr=9640&refresh_token=56a3a029&x-expires=1771927200&x-signature=Nv8j5Nf3D9a57CtUVjTEI6WJ%2BQM%3D&t=4d5b0474&ps=13740610&shp=30310797&shcp=ff37627b&idc=useast5,[],[]
https://www.tiktok.com/@miguelassal/video/7144407447413787909,https://www.tiktok.com/@miguelassal/video/7144407447413787909?_r=1&_t=ZN-93rAkAjcQv0,https://www.tiktok.com/@miguelassal/video/7144407447413787909?_r=1&_t=ZN-93rAkAjcQv0,7490620285606134530,1744045952,2025-04-07T17:12:32.000Z,"a mi me han tenido que trasfundir seis bolsas de Sangre, Gracias a los que donan",0,False,False,,0.0,6584066844646522886,vanesavalero81,https://p19-common-sign.tiktokcdn-us.com/tos-alisg-avt-0068/a1d66819f479a1f27ce46d38305c10c6~tplv-tiktokx-cropcenter:100:100.jpg?dr=9640&refresh_token=60ef8aed&x-expires=1771927200&x-signature=o9rmvtjRGdsumd0JurX6GtuSmYQ%3D&t=4d5b0474&ps=13740610&shp=30310797&shcp=ff37627b&idc=useast5,[],[]
https://www.tiktok.com/@miguelassal/video/7144407447413787909,https://www.tiktok.com/@miguelassal/video/7144407447413787909?_r=1&_t=ZN-93rAkAjcQv0,https://www.tiktok.com/@miguelassal/video/7144407447413787909?_r=1&_t=ZN-93rAkAjcQv0,7508254443348902661,1748151743,2025-05-25T05:42:23.000Z,los que tiene diabetes no deben donar ?,0,False,False,,0.0,7361548907313677317,franmaciel788,https://p16-common-sign.tiktokcdn-us.com/tos-maliva-avt-0068/7361549217159348230~tplv-tiktokx-cropcenter:100:100.jpg?dr=9640&refresh_token=04097bf4&x-expires=1771927200&x-signature=uRQQw4pkpGuYpfdN9sp0RRdPkWo%3D&t=4d5b0474&ps=13740610&shp=30310797&shcp=ff37627b&idc=useast5,[],[]
https://www.tiktok.com/@miguelassal/video/7144407447413787909,https://www.tiktok.com/@miguelassal/video/7144407447413787909?_r=1&_t=ZN-93rAkAjcQv0,https://www.tiktok.com/@miguelassal/video/7144407447413787909?_r=1&_t=ZN-93rAkAjcQv0,7486587589932237590,1743107012,2025-03-27T20:23:32.000Z,hoy tocó!! 💪💪💪,0,False,False,,0.0,6858247566740734981,diegocolchon,https://p16-common-sign.tiktokcdn-us.com/tos-maliva-avt-0068/9738626494098141b6946e26d881dc20~tplv-tiktokx-cropcenter:100:100.jpg?dr=9640&refresh_token=a33190e0&x-expires=1771927200&x-signature=u4TADAlMx2LsW5c7kEPz3D99xxE%3D&t=4d5b0474&ps=13740610&shp=30310797&shcp=ff37627b&idc=useast5,[],[]
https://www.tiktok.com/@miguelassal/video/7144407447413787909,https://www.tiktok.com/@miguelassal/video/7144407447413787909?_r=1&_t=ZN-93rAkAjcQv0,https://www.tiktok.com/@miguelassal/video/7144407447413787909?_r=1&_t=ZN-93rAkAjcQv0,7501784233586983685,1746645290,2025-05-07T19:14:50.000Z,pero a mí me dijeron que no podía donar plaquetas ya que mi vena era muy delgada 🤔,0,False,False,,0.0,6967798900682032133,luis_enriquemp,https://p19-common-sign.tiktokcdn-us.com/tos-maliva-avt-0068/7333557541003460613~tplv-tiktokx-cropcenter:100:100.jpg?dr=9640&refresh_token=87dc3347&x-expires=1771927200&x-signature=vt0kR4lQfhcmeC9VTAravX%2FfhN0%3D&t=4d5b0474&ps=13740610&shp=30310797&shcp=ff37627b&idc=useast5,[],[]
https://www.tiktok.com/@miguelassal/video/7144407447413787909,https://www.tiktok.com/@miguelassal/video/7144407447413787909?_r=1&_t=ZN-93rAkAjcQv0,https://www.tiktok.com/@miguelassal/video/7144407447413787909?_r=1&_t=ZN-93rAkAjcQv0,7290269514137436934,1697398158,2023-10-15T19:29:18.000Z,mi familia se puso de cabeza al enterarse que done sangre 😔,0,False,False,,1.0,7026887233412563973,.cuervomalo,https://p16-common-sign.tiktokcdn-us.com/tos-maliva-avt-0068/9847d9b937b25caeb53af5928d2b6fed~tplv-tiktokx-cropcenter:100:100.jpg?dr=9640&refresh_token=faa729a3&x-expires=1771927200&x-signature=vTFyD4KxGwoFdtfgA5jo7o6QLIM%3D&t=4d5b0474&ps=13740610&shp=30310797&shcp=ff37627b&idc=useast5,[],[]
https://www.tiktok.com/@miguelassal/video/7144407447413787909,https://www.tiktok.com/@miguelassal/video/7144407447413787909?_r=1&_t=ZN-93rAkAjcQv0,https://www.tiktok.com/@miguelassal/video/7144407447413787909?_r=1&_t=ZN-93rAkAjcQv0,7452868783398109957,1735256256,2024-12-26T23:37:36.000Z,Miguel ¿Hay algún efecto secundario de donar sangre cada 3 meses de manera constante?,0,False,False,,0.0,7406116734140154886,tom_studios_2,https://p19-common-sign.tiktokcdn-us.com/tos-maliva-avt-0068/3a56f0749e9e2e3060cbf004aef5d578~tplv-tiktokx-cropcenter:100:100.jpg?dr=9640&refresh_token=ef5bd946&x-expires=1771927200&x-signature=Qu68q2y4vCsdVUDRCbae5ffICIs%3D&t=4d5b0474&ps=13740610&shp=30310797&shcp=ff37627b&idc=useast5,[],[]
https://www.tiktok.com/@miguelassal/video/7144407447413787909,https://www.tiktok.com/@miguelassal/video/7144407447413787909?_r=1&_t=ZN-93rAkAjcQv0,https://www.tiktok.com/@miguelassal/video/7144407447413787909?_r=1&_t=ZN-93rAkAjcQv0,7352416127794070278,1711867796,2024-03-31T06:49:56.000Z,Se puede llevar un historial de donación para cuando yo o algún conocido necesite sangre?,0,False,False,,1.0,6629325981307027462,hat.tiktok,https://p16-common-sign.tiktokcdn-us.com/tos-maliva-avt-0068/394257f9202d948ace473951e080e6be~tplv-tiktokx-cropcenter:100:100.jpg?dr=9640&refresh_token=ecc1e472&x-expires=1771927200&x-signature=iTlZ9oBxiD1yhYCEkxUqhMg4bK4%3D&t=4d5b0474&ps=13740610&shp=30310797&shcp=ff37627b&idc=useast5,[],[]
https://www.tiktok.com/@miguelassal/video/7144407447413787909,https://www.tiktok.com/@miguelassal/video/7144407447413787909?_r=1&_t=ZN-93rAkAjcQv0,https://www.tiktok.com/@miguelassal/video/7144407447413787909?_r=1&_t=ZN-93rAkAjcQv0,7144638323218678533,1663490775,2022-09-18T08:46:15.000Z,no he podido donar sargre ya que tuve anemia espero volver hacerlo muy pronto.,0,False,False,,0.0,205894639843794944,luciaambuludi,https://p16-common-sign.tiktokcdn-us.com/tos-maliva-avt-0068/6522d16ba01ed0517a5e8e414ec0078c~tplv-tiktokx-cropcenter:100:100.jpg?dr=9640&refresh_token=373ee120&x-expires=1771927200&x-signature=xmG9EyO5fNWxxa7HOxN%2FIMJSye4%3D&t=4d5b0474&ps=13740610&shp=30310797&shcp=ff37627b&idc=useast5,[],[]
https://www.tiktok.com/@miguelassal/video/7144407447413787909,https://www.tiktok.com/@miguelassal/video/7144407447413787909?_r=1&_t=ZN-93rAkAjcQv0,https://www.tiktok.com/@miguelassal/video/7144407447413787909?_r=1&_t=ZN-93rAkAjcQv0,7144704982527476485,1663506275,2022-09-18T13:04:35.000Z,Sabes poner vias?,0,False,False,,0.0,6977769538256864261,dyh41czeq1kr,https://p16-common-sign.tiktokcdn-us.com/tos-maliva-avt-0068/7322251900896051205~tplv-tiktokx-cropcenter:100:100.jpg?dr=9640&refresh_token=d25e3e5e&x-expires=1771927200&x-signature=YxsTi9VBm0YJ6G%2FP4DCzq3e2U%2Bo%3D&t=4d5b0474&ps=13740610&shp=30310797&shcp=ff37627b&idc=useast5,[],[]
https://www.tiktok.com/@miguelassal/video/7144407447413787909,https://www.tiktok.com/@miguelassal/video/7144407447413787909?_r=1&_t=ZN-93rAkAjcQv0,https://www.tiktok.com/@miguelassal/video/7144407447413787909?_r=1&_t=ZN-93rAkAjcQv0,7145166759762805510,1663613795,2022-09-19T18:56:35.000Z,Has pensado ser profesor algún día?🥰,0,False,False,,0.0,6818524356714611717,melisa_prade04,https://p19-common-sign.tiktokcdn-us.com/tos-useast2a-avt-0068-euttp/9b47f86086db31efff1293f2bf82253f~tplv-tiktokx-cropcenter:100:100.jpg?dr=9640&refresh_token=f0594f71&x-expires=1771927200&x-signature=L8JOVWzvGdfHrnmj7V17q9BWMzc%3D&t=4d5b0474&ps=13740610&shp=30310797&shcp=ff37627b&idc=useast5,[],[]
https://www.tiktok.com/@miguelassal/video/7144407447413787909,https://www.tiktok.com/@miguelassal/video/7144407447413787909?_r=1&_t=ZN-93rAkAjcQv0,https://www.tiktok.com/@miguelassal/video/7144407447413787909?_r=1&_t=ZN-93rAkAjcQv0,7276111046635651846,1694104005,2023-09-07T16:26:45.000Z,Cuanta sangre puedo Donar? y cada cuanto tiempo? peso 105 kilos y mido 1.90,0,False,False,,0.0,6811314384926295046,donde_alessia,https://p19-common-sign.tiktokcdn-us.com/tos-alisg-avt-0068/7aa4281b2f7b15fbc606145bb7f13dc4~tplv-tiktokx-cropcenter:100:100.jpg?dr=9640&refresh_token=5adbe583&x-expires=1771927200&x-signature=8z23MFhaqnCRqpmK7nlri3Ih%2FHs%3D&t=4d5b0474&ps=13740610&shp=30310797&shcp=ff37627b&idc=useast5,[],[]
https://www.tiktok.com/@miguelassal/video/7144407447413787909,https://www.tiktok.com/@miguelassal/video/7144407447413787909?_r=1&_t=ZN-93rAkAjcQv0,https://www.tiktok.com/@miguelassal/video/7144407447413787909?_r=1&_t=ZN-93rAkAjcQv0,7594615472944186134,1768259229,2026-01-12T23:07:09.000Z,cada vez que donas sangre hacen negocio con ella y la venden.,0,False,False,,0.0,6593000510197366789,loscaballerosblancos,https://p16-common-sign.tiktokcdn-us.com/tos-maliva-avt-0068/db6bc2a66d8043f4fe534861fb169072~tplv-tiktokx-cropcenter:100:100.jpg?dr=9640&refresh_token=353dd930&x-expires=1771927200&x-signature=mK9iaWqRkB30osdlHcgM10bTYDw%3D&t=4d5b0474&ps=13740610&shp=30310797&shcp=ff37627b&idc=useast5,[],[]
https://www.tiktok.com/@miguelassal/video/7144407447413787909,https://www.tiktok.com/@miguelassal/video/7144407447413787909?_r=1&_t=ZN-93rAkAjcQv0,https://www.tiktok.com/@miguelassal/video/7144407447413787909?_r=1&_t=ZN-93rAkAjcQv0,7145901732785275654,1663784914,2022-09-21T18:28:34.000Z,cuanto pagan?,0,False,False,,1.0,6559570986327654405,muedra_,https://p19-common-sign.tiktokcdn-us.com/tos-maliva-avt-0068/b514f380348cfa829381a26d324afb15~tplv-tiktokx-cropcenter:100:100.jpg?dr=9640&refresh_token=15aaf984&x-expires=1771927200&x-signature=lHowQFc6z91SkSXA99PFVlV4mWQ%3D&t=4d5b0474&ps=13740610&shp=30310797&shcp=ff37627b&idc=useast5,[],[]
https://www.tiktok.com/@miguelassal/video/7144407447413787909,https://www.tiktok.com/@miguelassal/video/7144407447413787909?_r=1&_t=ZN-93rAkAjcQv0,https://www.tiktok.com/@miguelassal/video/7144407447413787909?_r=1&_t=ZN-93rAkAjcQv0,7146075764936786693,1663825477,2022-09-22T05:44:37.000Z,yo dono y no hay riesgos,0,False,False,,0.0,6812675078255756293,sabueso4,https://p16-common-sign.tiktokcdn-us.com/tos-maliva-avt-0068/7323364147792936965~tplv-tiktokx-cropcenter:100:100.jpg?dr=9640&refresh_token=7d122292&x-expires=1771927200&x-signature=JvXZKrA7zHogajrhYADrg4WbB6k%3D&t=4d5b0474&ps=13740610&shp=30310797&shcp=ff37627b&idc=useast5,[],[]
https://www.tiktok.com/@miguelassal/video/7144407447413787909,https://www.tiktok.com/@miguelassal/video/7144407447413787909?_r=1&_t=ZN-93rAkAjcQv0,https://www.tiktok.com/@miguelassal/video/7144407447413787909?_r=1&_t=ZN-93rAkAjcQv0,7145418857687057157,1663672506,2022-09-20T11:15:06.000Z,"ojalá pudiera donar, pero mis 47kg no me lo permiten 😔",0,False,False,,0.0,6609710690721726470,a773.0,https://p16-common-sign.tiktokcdn-us.com/tos-alisg-avt-0068/03652c80590a98c99cab31cda4edbc6d~tplv-tiktokx-cropcenter:100:100.jpg?dr=9640&refresh_token=05f7b4f5&x-expires=1771927200&x-signature=06BHJstgE7EnscFNayFWUu0GC08%3D&t=4d5b0474&ps=13740610&shp=30310797&shcp=ff37627b&idc=useast5,[],[]
https://www.tiktok.com/@miguelassal/video/7144407447413787909,https://www.tiktok.com/@miguelassal/video/7144407447413787909?_r=1&_t=ZN-93rAkAjcQv0,https://www.tiktok.com/@miguelassal/video/7144407447413787909?_r=1&_t=ZN-93rAkAjcQv0,7144408305758847749,1663437207,2022-09-17T17:53:27.000Z,1erooo y gran video,0,False,False,,0.0,6902266677603599362,hawaiiidk1,https://p16-common-sign.tiktokcdn-us.com/tos-maliva-avt-0068/b6167bebbf250bfb742ad8268ddda2d3~tplv-tiktokx-cropcenter:100:100.jpg?dr=9640&refresh_token=f4e46aa5&x-expires=1771927200&x-signature=Swux5JUziVeO%2F2tp%2Fc%2BLQ4V0j6E%3D&t=4d5b0474&ps=13740610&shp=30310797&shcp=ff37627b&idc=useast5,[],[]
https://www.tiktok.com/@miguelassal/video/7144407447413787909,https://www.tiktok.com/@miguelassal/video/7144407447413787909?_r=1&_t=ZN-93rAkAjcQv0,https://www.tiktok.com/@miguelassal/video/7144407447413787909?_r=1&_t=ZN-93rAkAjcQv0,7144516118776988421,1663462309,2022-09-18T00:51:49.000Z,yo quiero donar sangre pero soy menor,0,False,False,,1.0,6807241005692306438,alekmcaliman,https://p19-common-sign.tiktokcdn-us.com/tos-maliva-avt-0068/abc180120c8a38d75f17ca44cc89b440~tplv-tiktokx-cropcenter:100:100.jpg?dr=9640&refresh_token=170949ad&x-expires=1771927200&x-signature=Yhl6IRbAAHtUW5peAg0XUMYXuMk%3D&t=4d5b0474&ps=13740610&shp=30310797&shcp=ff37627b&idc=useast8,[],[]
https://www.tiktok.com/@miguelassal/video/7144407447413787909,https://www.tiktok.com/@miguelassal/video/7144407447413787909?_r=1&_t=ZN-93rAkAjcQv0,https://www.tiktok.com/@miguelassal/video/7144407447413787909?_r=1&_t=ZN-93rAkAjcQv0,7144409481068856070,1663437475,2022-09-17T17:57:55.000Z,olaaaaa,0,False,False,,0.0,6904844690228478982,arno_xdn,https://p16-common-sign.tiktokcdn-us.com/tos-maliva-avt-0068/df840a4fb313ebc2ff0c8436f75fce69~tplv-tiktokx-cropcenter:100:100.jpg?dr=9640&refresh_token=fa24468f&x-expires=1771927200&x-signature=9SykdpEMFM3HgGw8mPoqof%2FKb6g%3D&t=4d5b0474&ps=13740610&shp=30310797&shcp=ff37627b&idc=useast8,[],[]
https://www.tiktok.com/@miguelassal/video/7144407447413787909,https://www.tiktok.com/@miguelassal/video/7144407447413787909?_r=1&_t=ZN-93rAkAjcQv0,https://www.tiktok.com/@miguelassal/video/7144407447413787909?_r=1&_t=ZN-93rAkAjcQv0,7496229228125733687,1745351914,2025-04-22T19:58:34.000Z,"👌😌 los varones deberían donar sangre cada 3 meses, porque ellos no tienen por dónde sacar las sangré antigua como las mujeres cada mes lo hacemos👌😌",0,False,False,,0.0,6876621587442451462,sonymanly,https://p16-common-sign.tiktokcdn-us.com/tos-maliva-avt-0068/c81db3a6a8015660256f677c983a5977~tplv-tiktokx-cropcenter:100:100.jpg?dr=9640&refresh_token=402c9e74&x-expires=1771927200&x-signature=yKqWiR5v%2B8fxxpHYhbtNNYu8h8k%3D&t=4d5b0474&ps=13740610&shp=30310797&shcp=ff37627b&idc=useast8,[],[]
https://www.tiktok.com/@miguelassal/video/7144407447413787909,https://www.tiktok.com/@miguelassal/video/7144407447413787909?_r=1&_t=ZN-93rAkAjcQv0,https://www.tiktok.com/@miguelassal/video/7144407447413787909?_r=1&_t=ZN-93rAkAjcQv0,7144410298182124293,1663437663,2022-09-17T18:01:03.000Z,yo era donante pero ya no soy enfermo de Crohn lo siento,0,False,False,,0.0,6641525238084026373,javieralgiler,https://p16-common-sign.tiktokcdn-us.com/tos-maliva-avt-0068/04c70f57d3a4b7378d14db533e47c5fd~tplv-tiktokx-cropcenter:100:100.jpg?dr=9640&refresh_token=249ef7cf&x-expires=1771927200&x-signature=mLyvZuBnOghHpWwTvbeSdSWKJOk%3D&t=4d5b0474&ps=13740610&shp=30310797&shcp=ff37627b&idc=useast8,[],[]
https://www.tiktok.com/@miguelassal/video/7144407447413787909,https://www.tiktok.com/@miguelassal/video/7144407447413787909?_r=1&_t=ZN-93rAkAjcQv0,https://www.tiktok.com/@miguelassal/video/7144407447413787909?_r=1&_t=ZN-93rAkAjcQv0,7149456393145434886,1664612573,2022-10-01T08:22:53.000Z,además te dan un bocata,0,False,False,,0.0,6816442054726534149,yusemkr,https://p19-common-sign.tiktokcdn-us.com/tos-maliva-avt-0068/330c176445b3d6c7dbccd20bbb12021e~tplv-tiktokx-cropcenter:100:100.jpg?dr=9640&refresh_token=0eb72530&x-expires=1771927200&x-signature=1Bc6Pmt%2BxG0%2BSzrd%2F1ISO5itzTA%3D&t=4d5b0474&ps=13740610&shp=30310797&shcp=ff37627b&idc=useast8,[],[]
https://www.tiktok.com/@miguelassal/video/7144407447413787909,https://www.tiktok.com/@miguelassal/video/7144407447413787909?_r=1&_t=ZN-93rAkAjcQv0,https://www.tiktok.com/@miguelassal/video/7144407447413787909?_r=1&_t=ZN-93rAkAjcQv0,7144574298907738886,1663475887,2022-09-18T04:38:07.000Z,lo que no se entiende es por qué los que ya estamos curados de cáncer no podemos donar si dicen que estamos sanos pero supongo que no vale nuestra san,0,False,False,,0.0,6884011680998212613,infernalbagaccion,https://p16-common-sign.tiktokcdn-us.com/tos-alisg-avt-0068/7325229261718028309~tplv-tiktokx-cropcenter:100:100.jpg?dr=9640&refresh_token=a7faf320&x-expires=1771927200&x-signature=QRgx0NN3AbuIvqsM%2FvQQqvNJlas%3D&t=4d5b0474&ps=13740610&shp=30310797&shcp=ff37627b&idc=useast8,[],[]
https://www.tiktok.com/@miguelassal/video/7144407447413787909,https://www.tiktok.com/@miguelassal/video/7144407447413787909?_r=1&_t=ZN-93rAkAjcQv0,https://www.tiktok.com/@miguelassal/video/7144407447413787909?_r=1&_t=ZN-93rAkAjcQv0,7144411120130917125,1663437851,2022-09-17T18:04:11.000Z,hola! cuanto tiempo debe pasar si te tatuas y quieres donar?,0,False,False,,3.0,6851869254170854405,f.ckthat.sh.t,https://p16-common-sign.tiktokcdn-eu.com/tos-alisg-avt-0068/e4f8ddaffa08ab0927699309d35a4a99~tplv-tiktokx-cropcenter:100:100.jpg?dr=10399&refresh_token=4c318d6f&x-expires=1771927200&x-signature=wQjOBkXFm8Ak%2FRPfRAIW5oM3muw%3D&t=4d5b0474&ps=13740610&shp=30310797&shcp=ff37627b&idc=no1a,[],[]
https://www.tiktok.com/@miguelassal/video/7144407447413787909,https://www.tiktok.com/@miguelassal/video/7144407447413787909?_r=1&_t=ZN-93rAkAjcQv0,https://www.tiktok.com/@miguelassal/video/7144407447413787909?_r=1&_t=ZN-93rAkAjcQv0,7154899331542844165,1665879847,2022-10-16T00:24:07.000Z,Done pero me dio anemia,0,False,False,,1.0,6952585166989624326,angelayuli83,https://p16-common-sign.tiktokcdn-eu.com/musically-maliva-obj/1594805258216454~tplv-tiktokx-cropcenter:100:100.jpg?dr=10399&refresh_token=f269eba9&x-expires=1771927200&x-signature=YDXddc9fHpgoHCBEa8JoKOpj9yw%3D&t=4d5b0474&ps=13740610&shp=30310797&shcp=ff37627b&idc=no1a,[],[]
https://www.tiktok.com/@miguelassal/video/7144407447413787909,https://www.tiktok.com/@miguelassal/video/7144407447413787909?_r=1&_t=ZN-93rAkAjcQv0,https://www.tiktok.com/@miguelassal/video/7144407447413787909?_r=1&_t=ZN-93rAkAjcQv0,7144553760009044741,1663471084,2022-09-18T03:18:04.000Z,GTACIAS.,0,False,False,,0.0,7013410746520716294,francescboix667,https://p16-common-sign.tiktokcdn-eu.com/tos-maliva-avt-0068/093dddcaa377182461c06c63363cd7c7~tplv-tiktokx-cropcenter:100:100.jpg?dr=10399&refresh_token=056f4141&x-expires=1771927200&x-signature=Vn0lImaWN27asa%2FTlLTwxdV4OZQ%3D&t=4d5b0474&ps=13740610&shp=30310797&shcp=ff37627b&idc=no1a,[],[]
https://www.tiktok.com/@miguelassal/video/7144407447413787909,https://www.tiktok.com/@miguelassal/video/7144407447413787909?_r=1&_t=ZN-93rAkAjcQv0,https://www.tiktok.com/@miguelassal/video/7144407447413787909?_r=1&_t=ZN-93rAkAjcQv0,7200432605661364997,1676481379,2023-02-15T17:16:19.000Z,1 dia😌,3,False,False,7173888351823577862,,284269429675270144,gabilizramos,https://p16-common-sign.tiktokcdn-eu.com/tos-maliva-avt-0068/143442fb44b4ec92391e10a712a88275~tplv-tiktokx-cropcenter:100:100.jpg?dr=10399&refresh_token=cbea90a9&x-expires=1771927200&x-signature=3oPkawtylWH2rdw48KtzDJjsynM%3D&t=4d5b0474&ps=13740610&shp=30310797&shcp=ff37627b&idc=no1a,[],[]
https://www.tiktok.com/@miguelassal/video/7144407447413787909,https://www.tiktok.com/@miguelassal/video/7144407447413787909?_r=1&_t=ZN-93rAkAjcQv0,https://www.tiktok.com/@miguelassal/video/7144407447413787909?_r=1&_t=ZN-93rAkAjcQv0,7149002438208324357,1664506891,2022-09-30T03:01:31.000Z,la sangre en sagrada no se debe trasnfundir además tiene riesgo de contraer enfermedades,0,False,False,,0.0,7085122644073366533,ipa_bl0,https://p19-common-sign.tiktokcdn-eu.com/tos-alisg-avt-0068/02358fe18a607af3cbe61153dcd7eb07~tplv-tiktokx-cropcenter:100:100.jpg?dr=10399&refresh_token=e2149c32&x-expires=1771927200&x-signature=gI0Ba%2BDUjGWAQagHk0D7hLsh1sU%3D&t=4d5b0474&ps=13740610&shp=30310797&shcp=ff37627b&idc=no1a,[],[]
https://www.tiktok.com/@miguelassal/video/7144407447413787909,https://www.tiktok.com/@miguelassal/video/7144407447413787909?_r=1&_t=ZN-93rAkAjcQv0,https://www.tiktok.com/@miguelassal/video/7144407447413787909?_r=1&_t=ZN-93rAkAjcQv0,7144463737586893573,1663467597,2022-09-18T02:19:57.000Z,"Hermano excelente contenidos los que haces, Dios quiera y cada día sean más tus seguidores ya que contenidos como el tuyo si nutren en conocimientos👍",0,False,False,,0.0,6956335319655793669,josalex1969,https://p16-common-sign.tiktokcdn-eu.com/tos-maliva-avt-0068/30636bcf89406d5e2155e72ffca44858~tplv-tiktokx-cropcenter:100:100.jpg?dr=10399&refresh_token=c77058d3&x-expires=1771927200&x-signature=PRxmq6qPXycaPopVn5h0rzXjIVw%3D&t=4d5b0474&ps=13740610&shp=30310797&shcp=ff37627b&idc=no1a,[],[]
https://www.tiktok.com/@miguelassal/video/7144407447413787909,https://www.tiktok.com/@miguelassal/video/7144407447413787909?_r=1&_t=ZN-93rAkAjcQv0,https://www.tiktok.com/@miguelassal/video/7144407447413787909?_r=1&_t=ZN-93rAkAjcQv0,7331950640882696966,1707102800,2024-02-05T03:13:20.000Z,Pues yo si te felicito 👍,1,False,,7290269514137436934,,6934503607820076038,jlfajardo013,https://p16-common-sign.tiktokcdn-us.com/tos-alisg-avt-0068/a89d35aaf8109c278b66c8883538a5f4~tplv-tiktokx-cropcenter:100:100.jpg?dr=9640&refresh_token=db681b53&x-expires=1771927200&x-signature=ELHoNZTRsdx0RM7WKni6PKOTHAI%3D&t=4d5b0474&ps=13740610&shp=30310797&shcp=ff37627b&idc=useast5,[],[]
https://www.tiktok.com/@miguelassal/video/7144407447413787909,https://www.tiktok.com/@miguelassal/video/7144407447413787909?_r=1&_t=ZN-93rAkAjcQv0,https://www.tiktok.com/@miguelassal/video/7144407447413787909?_r=1&_t=ZN-93rAkAjcQv0,7146076131517711110,1663825539,2022-09-22T05:45:39.000Z,solo que salvas vidas y renuevas sangre,0,False,,7144409947228635910,,6812675078255756293,sabueso4,https://p16-common-sign.tiktokcdn-us.com/tos-maliva-avt-0068/7323364147792936965~tplv-tiktokx-cropcenter:100:100.jpg?dr=9640&refresh_token=7d122292&x-expires=1771927200&x-signature=JvXZKrA7zHogajrhYADrg4WbB6k%3D&t=4d5b0474&ps=13740610&shp=30310797&shcp=ff37627b&idc=useast5,[],[]
https://www.tiktok.com/@miguelassal/video/7144407447413787909,https://www.tiktok.com/@miguelassal/video/7144407447413787909?_r=1&_t=ZN-93rAkAjcQv0,https://www.tiktok.com/@miguelassal/video/7144407447413787909?_r=1&_t=ZN-93rAkAjcQv0,7144428012376769285,1663441793,2022-09-17T19:09:53.000Z,gracias xd,0,False,,7144409947228635910,,6983150983782728710,username.837292,https://p16-common-sign.tiktokcdn-us.com/tos-maliva-avt-0068/a6f6473d4d7620e9428cc4b5663774a2~tplv-tiktokx-cropcenter:100:100.jpg?dr=9640&refresh_token=ab8d292f&x-expires=1771927200&x-signature=M%2FiuykbRR4lZAK17KiySA9EhL%2F4%3D&t=4d5b0474&ps=13740610&shp=30310797&shcp=ff37627b&idc=useast5,[],[]
https://www.tiktok.com/@miguelassal/video/7144407447413787909,https://www.tiktok.com/@miguelassal/video/7144407447413787909?_r=1&_t=ZN-93rAkAjcQv0,https://www.tiktok.com/@miguelassal/video/7144407447413787909?_r=1&_t=ZN-93rAkAjcQv0,7491026619861598981,1744140586,2025-04-08T19:29:46.000Z,En serio?,1,False,,7173888351823577862,,6937820497858954245,.neil_ad,https://p16-common-sign.tiktokcdn-us.com/tos-alisg-avt-0068/36af135eb8b9eb9a7c0796bd69262621~tplv-tiktokx-cropcenter:100:100.jpg?dr=9640&refresh_token=46bc763e&x-expires=1771927200&x-signature=EOhzzb017VBWM9kQ8D03XdnKqRo%3D&t=4d5b0474&ps=13740610&shp=30310797&shcp=ff37627b&idc=useast8,[],[]
https://www.tiktok.com/@miguelassal/video/7144407447413787909,https://www.tiktok.com/@miguelassal/video/7144407447413787909?_r=1&_t=ZN-93rAkAjcQv0,https://www.tiktok.com/@miguelassal/video/7144407447413787909?_r=1&_t=ZN-93rAkAjcQv0,7353521212171109125,1712125091,2024-04-03T06:18:11.000Z,En algunas clínicas te analizan la sangre y te dicen que es lo que tiene tu cuerpo. Es un examen médico y te lo pueden imprimir en una hoja.,0,False,,7352416127794070278,,7014239917455574022,jmiguelena_,https://p16-common-sign.tiktokcdn-us.com/tos-maliva-avt-0068/b4d282ee81239a12ebe92ada26c68dff~tplv-tiktokx-cropcenter:100:100.jpg?dr=9640&refresh_token=f468bc1e&x-expires=1771927200&x-signature=yXn6X4IHFQrxYIqVMwJINWjGAlU%3D&t=4d5b0474&ps=13740610&shp=30310797&shcp=ff37627b&idc=useast5,[],[]
https://www.tiktok.com/@miguelassal/video/7144407447413787909,https://www.tiktok.com/@miguelassal/video/7144407447413787909?_r=1&_t=ZN-93rAkAjcQv0,https://www.tiktok.com/@miguelassal/video/7144407447413787909?_r=1&_t=ZN-93rAkAjcQv0,7302935522236990213,1700347200,2023-11-18T22:40:00.000Z,si puedes yo dóne hoy y yo pregunte antes de hacer el papeleo y la enfermera me dijo que siii todo bien,0,False,,7144474721220100870,,6822262813172466694,ifla15,https://p16-sign-sg.tiktokcdn.com/tos-alisg-avt-0068/5d288e8aa0ac99a59074fe69023a8e1b~tplv-tiktokx-cropcenter:100:100.jpg?dr=14579&refresh_token=8944a758&x-expires=1771927200&x-signature=M6CEdDHxY97N%2B1OBL%2F6ukFXcvQA%3D&t=4d5b0474&ps=13740610&shp=30310797&shcp=ff37627b&idc=my2,[],[]
https://www.tiktok.com/@miguelassal/video/7144407447413787909,https://www.tiktok.com/@miguelassal/video/7144407447413787909?_r=1&_t=ZN-93rAkAjcQv0,https://www.tiktok.com/@miguelassal/video/7144407447413787909?_r=1&_t=ZN-93rAkAjcQv0,7303522629577720582,1700483886,2023-11-20T12:38:06.000Z,"Yo pregunté a mi dr. Y me dijo que no volveré a preguntarle, saludos 👍",1,False,,7144474721220100870,,7131162264199054341,solmexicali,https://p16-sign-va.tiktokcdn.com/tos-maliva-avt-0068/7135791669451161605~tplv-tiktokx-cropcenter:100:100.jpg?dr=14579&refresh_token=f7c01053&x-expires=1771927200&x-signature=gNV5qxomTif76d%2FaLD%2F58AuxFvE%3D&t=4d5b0474&ps=13740610&shp=30310797&shcp=ff37627b&idc=my2,[],[]
https://www.tiktok.com/@miguelassal/video/7144407447413787909,https://www.tiktok.com/@miguelassal/video/7144407447413787909?_r=1&_t=ZN-93rAkAjcQv0,https://www.tiktok.com/@miguelassal/video/7144407447413787909?_r=1&_t=ZN-93rAkAjcQv0,7158421954197684997,1666700017,2022-10-25T12:13:37.000Z,No 👍,0,False,,7144474721220100870,,7131162264199054341,solmexicali,https://p16-sign-va.tiktokcdn.com/tos-maliva-avt-0068/7135791669451161605~tplv-tiktokx-cropcenter:100:100.jpg?dr=14579&refresh_token=f7c01053&x-expires=1771927200&x-signature=gNV5qxomTif76d%2FaLD%2F58AuxFvE%3D&t=4d5b0474&ps=13740610&shp=30310797&shcp=ff37627b&idc=my2,[],[]
https://www.tiktok.com/@miguelassal/video/7144407447413787909,https://www.tiktok.com/@miguelassal/video/7144407447413787909?_r=1&_t=ZN-93rAkAjcQv0,https://www.tiktok.com/@miguelassal/video/7144407447413787909?_r=1&_t=ZN-93rAkAjcQv0,7302935176085783302,1700347120,2023-11-18T22:38:40.000Z,si yo dóne hoy y soy hipertensan,0,False,,7144474721220100870,,6822262813172466694,ifla15,https://p16-sign-sg.tiktokcdn.com/tos-alisg-avt-0068/5d288e8aa0ac99a59074fe69023a8e1b~tplv-tiktokx-cropcenter:100:100.jpg?dr=14579&refresh_token=8944a758&x-expires=1771927200&x-signature=M6CEdDHxY97N%2B1OBL%2F6ukFXcvQA%3D&t=4d5b0474&ps=13740610&shp=30310797&shcp=ff37627b&idc=my2,[],[]
https://www.tiktok.com/@miguelassal/video/7144407447413787909,https://www.tiktok.com/@miguelassal/video/7144407447413787909?_r=1&_t=ZN-93rAkAjcQv0,https://www.tiktok.com/@miguelassal/video/7144407447413787909?_r=1&_t=ZN-93rAkAjcQv0,7353521404619506437,1712125143,2024-04-03T06:19:03.000Z,No. Te rebotan.,0,False,,7144474721220100870,,7014239917455574022,jmiguelena_,https://p16-sign-va.tiktokcdn.com/tos-maliva-avt-0068/b4d282ee81239a12ebe92ada26c68dff~tplv-tiktokx-cropcenter:100:100.jpg?dr=14579&refresh_token=5f0f43d1&x-expires=1771927200&x-signature=Vi7A4t3LOGkAWVuzcN0c1lfVN2A%3D&t=4d5b0474&ps=13740610&shp=30310797&shcp=ff37627b&idc=my2,[],[]
https://www.tiktok.com/@miguelassal/video/7144407447413787909,https://www.tiktok.com/@miguelassal/video/7144407447413787909?_r=1&_t=ZN-93rAkAjcQv0,https://www.tiktok.com/@miguelassal/video/7144407447413787909?_r=1&_t=ZN-93rAkAjcQv0,7181640243643155206,1672105938,2022-12-27T01:52:18.000Z,para donar sangre no había que tener más de 18 años?,2,False,,7144414287490220806,,7180977718976152582,8the4first8victim4,https://p77-sign-va.tiktokcdn.com/tos-maliva-avt-0068/8e3cd506f31b6eff4d478f11b305fb80~tplv-tiktokx-cropcenter:100:100.jpg?dr=14579&refresh_token=63da9e2c&x-expires=1771927200&x-signature=Q9PtFgk3ahisEUh3tIITZY5pOhI%3D&t=4d5b0474&ps=13740610&shp=30310797&shcp=ff37627b&idc=my2,[],[]
https://www.tiktok.com/@miguelassal/video/7144407447413787909,https://www.tiktok.com/@miguelassal/video/7144407447413787909?_r=1&_t=ZN-93rAkAjcQv0,https://www.tiktok.com/@miguelassal/video/7144407447413787909?_r=1&_t=ZN-93rAkAjcQv0,7144673444511826693,1663498941,2022-09-18T11:02:21.000Z,"jajaja, solo dono sangre por el desayuno gratis",7,False,,7144414287490220806,,7092151139562652677,caja_god,https://p77-sign-va.tiktokcdn.com/tos-maliva-avt-0068/b3c636a4714c23c7564ce8799d88754f~tplv-tiktokx-cropcenter:100:100.jpg?dr=14579&refresh_token=485f17c1&x-expires=1771927200&x-signature=tCkX66WbG0H6BDn%2Bj3HR1Fnq6oY%3D&t=4d5b0474&ps=13740610&shp=30310797&shcp=ff37627b&idc=my2,[],[]
https://www.tiktok.com/@miguelassal/video/7144407447413787909,https://www.tiktok.com/@miguelassal/video/7144407447413787909?_r=1&_t=ZN-93rAkAjcQv0,https://www.tiktok.com/@miguelassal/video/7144407447413787909?_r=1&_t=ZN-93rAkAjcQv0,7353521292228100870,1712125110,2024-04-03T06:18:30.000Z,Tienes que ser una persona sana para donar.,0,False,,7144743357271999238,,7014239917455574022,jmiguelena_,https://p16-common-sign.tiktokcdn-eu.com/tos-maliva-avt-0068/b4d282ee81239a12ebe92ada26c68dff~tplv-tiktokx-cropcenter:100:100.jpg?dr=10399&refresh_token=b99a70d1&x-expires=1771927200&x-signature=6I3F7w%2Fgkfy397QP0ri7Jmwob8U%3D&t=4d5b0474&ps=13740610&shp=30310797&shcp=ff37627b&idc=no1a,[],[]
https://www.tiktok.com/@miguelassal/video/7144407447413787909,https://www.tiktok.com/@miguelassal/video/7144407447413787909?_r=1&_t=ZN-93rAkAjcQv0,https://www.tiktok.com/@miguelassal/video/7144407447413787909?_r=1&_t=ZN-93rAkAjcQv0,7158422607951430405,1666700174,2022-10-25T12:16:14.000Z,18 años en adelante 👍,0,False,,7144516118776988421,,7131162264199054341,solmexicali,https://p16-common-sign.tiktokcdn-us.com/tos-maliva-avt-0068/7135791669451161605~tplv-tiktokx-cropcenter:100:100.jpg?dr=9640&refresh_token=bc71e627&x-expires=1771927200&x-signature=mp6MIBTUkr0jUoCwAE5LjEQJdkI%3D&t=4d5b0474&ps=13740610&shp=30310797&shcp=ff37627b&idc=useast8,[],[]
https://www.tiktok.com/@miguelassal/video/7144407447413787909,https://www.tiktok.com/@miguelassal/video/7144407447413787909?_r=1&_t=ZN-93rAkAjcQv0,https://www.tiktok.com/@miguelassal/video/7144407447413787909?_r=1&_t=ZN-93rAkAjcQv0,7582694885796692758,1765483744,2025-12-11T20:09:04.000Z,no lo entiendo?,0,False,,7144408895078580997,,6765498724858299398,oficial_ara,https://p16-common-sign.tiktokcdn-us.com/tos-maliva-avt-0068/41ae63f4547d7de759280911e05f274a~tplv-tiktokx-cropcenter:100:100.jpg?dr=9640&refresh_token=08df4dbf&x-expires=1771927200&x-signature=tqJ8aE1sfkF1hVzdBoWLjfFLw%2BQ%3D&t=4d5b0474&ps=13740610&shp=30310797&shcp=ff37627b&idc=useast5,[],[]
https://www.tiktok.com/@miguelassal/video/7144407447413787909,https://www.tiktok.com/@miguelassal/video/7144407447413787909?_r=1&_t=ZN-93rAkAjcQv0,https://www.tiktok.com/@miguelassal/video/7144407447413787909?_r=1&_t=ZN-93rAkAjcQv0,7144412688973808389,1663438225,2022-09-17T18:10:25.000Z,"no, siempre y cuando se haga con el protocolo adecuado y en un lugar sanitizado con aguja y jeringa estériles 😁",26,False,,7144408895078580997,,6876413512236598273,suei23er,https://p16-common-sign.tiktokcdn-us.com/tos-maliva-avt-0068/71348c4fed8097a2e1e7aa73b8238be8~tplv-tiktokx-cropcenter:100:100.jpg?dr=9640&refresh_token=fb546b3c&x-expires=1771927200&x-signature=td0jksf3tJ%2Fzc%2B1PRMPeb%2B7w%2FyE%3D&t=4d5b0474&ps=13740610&shp=30310797&shcp=ff37627b&idc=useast5,[],[]
https://www.tiktok.com/@miguelassal/video/7144407447413787909,https://www.tiktok.com/@miguelassal/video/7144407447413787909?_r=1&_t=ZN-93rAkAjcQv0,https://www.tiktok.com/@miguelassal/video/7144407447413787909?_r=1&_t=ZN-93rAkAjcQv0,7144413958278595334,1663438520,2022-09-17T18:15:20.000Z,es decir... ayudo a los demás y a mí mismo😳 no hay nada que perder 👍,0,False,False,,0.0,6699465356220122117,alawssa,https://p19-common-sign.tiktokcdn-us.com/tos-maliva-avt-0068/a344d5e75d27cdce1f77cad5e87326a1~tplv-tiktokx-cropcenter:100:100.jpg?dr=9640&refresh_token=bdc63dab&x-expires=1771927200&x-signature=mogFBIsVXl9%2FbtHDEfcx%2F5JL1%2BI%3D&t=4d5b0474&ps=13740610&shp=30310797&shcp=ff37627b&idc=useast8,[],[]
https://www.tiktok.com/@miguelassal/video/7144407447413787909,https://www.tiktok.com/@miguelassal/video/7144407447413787909?_r=1&_t=ZN-93rAkAjcQv0,https://www.tiktok.com/@miguelassal/video/7144407447413787909?_r=1&_t=ZN-93rAkAjcQv0,7570735170916385547,1762699296,2025-11-09T14:41:36.000Z,Hay algún beneficio de salud por donar plasma?,0,False,False,,0.0,7442296229222466615,maximus.prime.300,https://p16-common-sign.tiktokcdn-us.com/tos-maliva-avt-0068/83e66186c73fcd475328aaddd49381af~tplv-tiktokx-cropcenter:100:100.jpg?dr=9640&refresh_token=a63fb59c&x-expires=1771927200&x-signature=AXu5tOrIhm3llOBVMECRWs9u50Q%3D&t=4d5b0474&ps=13740610&shp=30310797&shcp=ff37627b&idc=useast8,[],[]
https://www.tiktok.com/@miguelassal/video/7144407447413787909,https://www.tiktok.com/@miguelassal/video/7144407447413787909?_r=1&_t=ZN-93rAkAjcQv0,https://www.tiktok.com/@miguelassal/video/7144407447413787909?_r=1&_t=ZN-93rAkAjcQv0,7416796520605123370,1726857533,2024-09-20T18:38:53.000Z,🙏🙏,0,False,False,,0.0,6645862792451424262,flaquita098,https://p16-common-sign.tiktokcdn-us.com/tos-useast5-avt-0068-tx/7b30e1eb07c29b69826130ca0e717e45~tplv-tiktokx-cropcenter:100:100.jpg?dr=9640&refresh_token=f3000eb6&x-expires=1771927200&x-signature=bIpeQBNJg4Ywz1iCZKJb9aOMah8%3D&t=4d5b0474&ps=13740610&shp=30310797&shcp=ff37627b&idc=useast8,[],[]
https://www.tiktok.com/@miguelassal/video/7144407447413787909,https://www.tiktok.com/@miguelassal/video/7144407447413787909?_r=1&_t=ZN-93rAkAjcQv0,https://www.tiktok.com/@miguelassal/video/7144407447413787909?_r=1&_t=ZN-93rAkAjcQv0,7144798997030224645,1663528167,2022-09-18T19:09:27.000Z,@pologuerrero.med confirma esto,0,False,False,,0.0,6966678228691158022,ronnylope1,https://p19-common-sign.tiktokcdn-us.com/tos-alisg-avt-0068/23e80c3296ba4aca9618e3c174b5d681~tplv-tiktokx-cropcenter:100:100.jpg?dr=9640&refresh_token=c4090192&x-expires=1771927200&x-signature=JRc%2B%2Bcigq4jPfc1WMuGCqfwlwSU%3D&t=4d5b0474&ps=13740610&shp=30310797&shcp=ff37627b&idc=useast8,['@pologuerrero.med'],"[{'userId': '6813186494535238661', 'nickName': 'pologuerrero.med', 'profileUrl': 'https://www.tiktok.com/@6813186494535238661', 'secUid': 'MS4wLjABAAAA5UxT4nZJ11RQT5zApDCUmrqdXT3guPnScNKIgXxzKdnIP4XLLRErREcKFqZwAyMR'}]"
https://www.tiktok.com/@miguelassal/video/7144407447413787909,https://www.tiktok.com/@miguelassal/video/7144407447413787909?_r=1&_t=ZN-93rAkAjcQv0,https://www.tiktok.com/@miguelassal/video/7144407447413787909?_r=1&_t=ZN-93rAkAjcQv0,7480018400874890039,1741577540,2025-03-10T03:32:20.000Z,❤️,0,False,False,,0.0,7118243402580067334,alejandro_ortz23,https://p16-common-sign.tiktokcdn-us.com/tos-maliva-avt-0068/80cbcc0f89c3d26649f06c90db6d9c06~tplv-tiktokx-cropcenter:100:100.jpg?dr=9640&refresh_token=71797f29&x-expires=1771927200&x-signature=LLXulla%2FrQRgDnjvOUydkBeRmRM%3D&t=4d5b0474&ps=13740610&shp=30310797&shcp=ff37627b&idc=useast8,[],[]
https://www.tiktok.com/@miguelassal/video/7144407447413787909,https://www.tiktok.com/@miguelassal/video/7144407447413787909?_r=1&_t=ZN-93rAkAjcQv0,https://www.tiktok.com/@miguelassal/video/7144407447413787909?_r=1&_t=ZN-93rAkAjcQv0,7488198936735466247,1743482197,2025-04-01T04:36:37.000Z,🤣🤣🤣,0,False,False,,0.0,6828557046536537094,johansi044,https://p16-common-sign.tiktokcdn-us.com/tos-alisg-avt-0068/0682cc092b79dc6baea4bc27a1383c77~tplv-tiktokx-cropcenter:100:100.jpg?dr=9640&refresh_token=2578c65e&x-expires=1771927200&x-signature=GEESNaGMTF3qU0pz%2F2qH4sm7V7Q%3D&t=4d5b0474&ps=13740610&shp=30310797&shcp=ff37627b&idc=useast8,[],[]
https://www.tiktok.com/@miguelassal/video/7144407447413787909,https://www.tiktok.com/@miguelassal/video/7144407447413787909?_r=1&_t=ZN-93rAkAjcQv0,https://www.tiktok.com/@miguelassal/video/7144407447413787909?_r=1&_t=ZN-93rAkAjcQv0,7508255331262022405,1748151947,2025-05-25T05:45:47.000Z,😂,0,False,False,,0.0,7361548907313677317,franmaciel788,https://p19-common-sign.tiktokcdn-us.com/tos-maliva-avt-0068/7361549217159348230~tplv-tiktokx-cropcenter:100:100.jpg?dr=9640&refresh_token=c53912bc&x-expires=1771927200&x-signature=BSaKFfmJ%2BCFvOUMWrM1Hx4bfH0s%3D&t=4d5b0474&ps=13740610&shp=30310797&shcp=ff37627b&idc=useast8,[],[]
https://www.tiktok.com/@miguelassal/video/7144407447413787909,https://www.tiktok.com/@miguelassal/video/7144407447413787909?_r=1&_t=ZN-93rAkAjcQv0,https://www.tiktok.com/@miguelassal/video/7144407447413787909?_r=1&_t=ZN-93rAkAjcQv0,7148511395034006277,1664392531,2022-09-28T19:15:31.000Z,🚑🚑😍😍,0,False,False,,0.0,7147998227973997573,tecnicosenemergencias,https://p16-common-sign.tiktokcdn-us.com/tos-maliva-avt-0068/9aea174b0a74faf2e098f8d9d72b3707~tplv-tiktokx-cropcenter:100:100.jpg?dr=9640&refresh_token=2fc71c27&x-expires=1771927200&x-signature=xtAPYCgbMgt3A96nP3uEvs0Rfdw%3D&t=4d5b0474&ps=13740610&shp=30310797&shcp=ff37627b&idc=useast8,[],[]
https://www.tiktok.com/@miguelassal/video/7144407447413787909,https://www.tiktok.com/@miguelassal/video/7144407447413787909?_r=1&_t=ZN-93rAkAjcQv0,https://www.tiktok.com/@miguelassal/video/7144407447413787909?_r=1&_t=ZN-93rAkAjcQv0,7454080847571976965,1735538486,2024-12-30T06:01:26.000Z,Si a la persona que yo le done sangre le hacen una prueba de ADN 🧬 tendríamos algún parentesco?,0,False,False,,0.0,6799361453054362630,andreisoti27,https://p16-common-sign.tiktokcdn-us.com/tos-maliva-avt-0068/d09105d4e845bde7a0ae3c0677dc9746~tplv-tiktokx-cropcenter:100:100.jpg?dr=9640&refresh_token=ac1830de&x-expires=1771927200&x-signature=Ju1LqqvN0p9K3%2BvU5f%2FD%2BdmqIgo%3D&t=4d5b0474&ps=13740610&shp=30310797&shcp=ff37627b&idc=useast8,[],[]
https://www.tiktok.com/@miguelassal/video/7144407447413787909,https://www.tiktok.com/@miguelassal/video/7144407447413787909?_r=1&_t=ZN-93rAkAjcQv0,https://www.tiktok.com/@miguelassal/video/7144407447413787909?_r=1&_t=ZN-93rAkAjcQv0,7496227603075318534,1745351524,2025-04-22T19:52:04.000Z,y los que están enfermos pueden donar sangré???🤔 no creó,0,False,False,,0.0,6876621587442451462,sonymanly,https://p16-common-sign.tiktokcdn-us.com/tos-maliva-avt-0068/c81db3a6a8015660256f677c983a5977~tplv-tiktokx-cropcenter:100:100.jpg?dr=9640&refresh_token=402c9e74&x-expires=1771927200&x-signature=yKqWiR5v%2B8fxxpHYhbtNNYu8h8k%3D&t=4d5b0474&ps=13740610&shp=30310797&shcp=ff37627b&idc=useast8,[],[]
https://www.tiktok.com/@miguelassal/video/7144407447413787909,https://www.tiktok.com/@miguelassal/video/7144407447413787909?_r=1&_t=ZN-93rAkAjcQv0,https://www.tiktok.com/@miguelassal/video/7144407447413787909?_r=1&_t=ZN-93rAkAjcQv0,7144421268027081477,1663440213,2022-09-17T18:43:33.000Z,no te voy a mentir yo solo dono sangre por el desayuno gratis jajaja,2,False,False,,1.0,7092151139562652677,caja_god,https://p16-common-sign.tiktokcdn-us.com/tos-maliva-avt-0068/b3c636a4714c23c7564ce8799d88754f~tplv-tiktokx-cropcenter:100:100.jpg?dr=9640&refresh_token=8aaafc3e&x-expires=1771927200&x-signature=Cu6qKSUSJCH%2FB0uBZyiCOa%2F0pTM%3D&t=4d5b0474&ps=13740610&shp=30310797&shcp=ff37627b&idc=useast8,[],[]
https://www.tiktok.com/@miguelassal/video/7144407447413787909,https://www.tiktok.com/@miguelassal/video/7144407447413787909?_r=1&_t=ZN-93rAkAjcQv0,https://www.tiktok.com/@miguelassal/video/7144407447413787909?_r=1&_t=ZN-93rAkAjcQv0,7278512585161786117,1694660789,2023-09-14T03:06:29.000Z,"Hoy done sangre, sean valientes gente",2,False,False,,0.0,7010166874097943557,luisaljo001,https://p19-common-sign.tiktokcdn-us.com/tos-maliva-avt-0068/657473cb38455944e3d91018ca40392c~tplv-tiktokx-cropcenter:100:100.jpg?dr=9640&refresh_token=d4c63933&x-expires=1771927200&x-signature=hp81Zo7o1zryAZXLJm%2BFDsJHUvo%3D&t=4d5b0474&ps=13740610&shp=30310797&shcp=ff37627b&idc=useast8,[],[]
https://www.tiktok.com/@miguelassal/video/7144407447413787909,https://www.tiktok.com/@miguelassal/video/7144407447413787909?_r=1&_t=ZN-93rAkAjcQv0,https://www.tiktok.com/@miguelassal/video/7144407447413787909?_r=1&_t=ZN-93rAkAjcQv0,7144409515139580678,1663437489,2022-09-17T17:58:09.000Z,desventaja: la aguja JAJAJAJJA,1,False,False,,0.0,6952932858446447621,pablo_21_9,https://p16-common-sign.tiktokcdn-us.com/tos-maliva-avt-0068/b6036a56dff233ee34ab57f836e5472c~tplv-tiktokx-cropcenter:100:100.jpg?dr=9640&refresh_token=9f144f08&x-expires=1771927200&x-signature=dh3vQwZelevfXo8pXwd%2BZQoMxUM%3D&t=4d5b0474&ps=13740610&shp=30310797&shcp=ff37627b&idc=useast8,[],[]
https://www.tiktok.com/@miguelassal/video/7144407447413787909,https://www.tiktok.com/@miguelassal/video/7144407447413787909?_r=1&_t=ZN-93rAkAjcQv0,https://www.tiktok.com/@miguelassal/video/7144407447413787909?_r=1&_t=ZN-93rAkAjcQv0,7145821506747171590,1663779422,2022-09-21T16:57:02.000Z,pierdo sangre y yo no pierdo 😂😂😂,1,False,False,,0.0,7046905248144737281,aadb00,https://p16-common-sign.tiktokcdn-us.com/tos-maliva-avt-0068/2925e86a9c569520f6e52b5021d23938~tplv-tiktokx-cropcenter:100:100.jpg?dr=9640&refresh_token=ffe58c78&x-expires=1771927200&x-signature=g8NeEiSgPH1uvszMl8RcyqzdARs%3D&t=4d5b0474&ps=13740610&shp=30310797&shcp=ff37627b&idc=useast8,[],[]
https://www.tiktok.com/@miguelassal/video/7144407447413787909,https://www.tiktok.com/@miguelassal/video/7144407447413787909?_r=1&_t=ZN-93rAkAjcQv0,https://www.tiktok.com/@miguelassal/video/7144407447413787909?_r=1&_t=ZN-93rAkAjcQv0,7144494984115323654,1663457386,2022-09-17T23:29:46.000Z,si después me invitan a una comida voy de una 😂😅,0,False,False,,0.0,6944840176288695302,oliivfr,https://p16-common-sign.tiktokcdn-us.com/tos-maliva-avt-0068/49ab2f74c6dd569ba1798dff9034d2b2~tplv-tiktokx-cropcenter:100:100.jpg?dr=9640&refresh_token=68fcf2d0&x-expires=1771927200&x-signature=E5GD61TLjEX%2FQoc6%2FVsVw9lESoQ%3D&t=4d5b0474&ps=13740610&shp=30310797&shcp=ff37627b&idc=useast8,[],[]
https://www.tiktok.com/@miguelassal/video/7144407447413787909,https://www.tiktok.com/@miguelassal/video/7144407447413787909?_r=1&_t=ZN-93rAkAjcQv0,https://www.tiktok.com/@miguelassal/video/7144407447413787909?_r=1&_t=ZN-93rAkAjcQv0,7496228409103565623,1745351721,2025-04-22T19:55:21.000Z,la O - negativo puede ser transferible para todos los tipos de sangré.sabian eso ?😳,0,False,False,,0.0,6876621587442451462,sonymanly,https://p16-common-sign.tiktokcdn-us.com/tos-maliva-avt-0068/c81db3a6a8015660256f677c983a5977~tplv-tiktokx-cropcenter:100:100.jpg?dr=9640&refresh_token=402c9e74&x-expires=1771927200&x-signature=yKqWiR5v%2B8fxxpHYhbtNNYu8h8k%3D&t=4d5b0474&ps=13740610&shp=30310797&shcp=ff37627b&idc=useast8,[],[]
https://www.tiktok.com/@miguelassal/video/7144407447413787909,https://www.tiktok.com/@miguelassal/video/7144407447413787909?_r=1&_t=ZN-93rAkAjcQv0,https://www.tiktok.com/@miguelassal/video/7144407447413787909?_r=1&_t=ZN-93rAkAjcQv0,7144417062100861701,1663439237,2022-09-17T18:27:17.000Z,si pero tres días sin gim,0,False,False,,0.0,6967624534182593541,alberttoty,https://p16-common-sign.tiktokcdn-us.com/tos-maliva-avt-0068/80dbb5124ae7ac49b21a5865ca065757~tplv-tiktokx-cropcenter:100:100.jpg?dr=9640&refresh_token=bde71238&x-expires=1771927200&x-signature=0HKfR8LNn4iyv8vJibIvtQe3W5U%3D&t=4d5b0474&ps=13740610&shp=30310797&shcp=ff37627b&idc=useast8,[],[]
https://www.tiktok.com/@miguelassal/video/7144407447413787909,https://www.tiktok.com/@miguelassal/video/7144407447413787909?_r=1&_t=ZN-93rAkAjcQv0,https://www.tiktok.com/@miguelassal/video/7144407447413787909?_r=1&_t=ZN-93rAkAjcQv0,7144425707279483654,1663441255,2022-09-17T19:00:55.000Z,yo soy donante más que nada por qué tengo grupo sanguíneo 0 negativo es la que le vale a todo el mundo,0,False,False,,0.0,6812580337441899526,josito3643,https://p19-common-sign.tiktokcdn-us.com/tos-maliva-avt-0068/eeb713b650e496fcf91944514e4e66e6~tplv-tiktokx-cropcenter:100:100.jpg?dr=9640&refresh_token=f60be27b&x-expires=1771927200&x-signature=KfRDdE0GgI4RxkPZJXzuuicL3pU%3D&t=4d5b0474&ps=13740610&shp=30310797&shcp=ff37627b&idc=useast8,[],[]
https://www.tiktok.com/@miguelassal/video/7144407447413787909,https://www.tiktok.com/@miguelassal/video/7144407447413787909?_r=1&_t=ZN-93rAkAjcQv0,https://www.tiktok.com/@miguelassal/video/7144407447413787909?_r=1&_t=ZN-93rAkAjcQv0,7156363153341006598,1666220674,2022-10-19T23:04:34.000Z,"yo hoy lo hice. háganlo chicos v"":",0,False,False,,0.0,6969741813129561094,jere_pucca,https://p19-common-sign.tiktokcdn-us.com/tos-maliva-avt-0068/407d64859ddabf81ef158fb423a1ae9a~tplv-tiktokx-cropcenter:100:100.jpg?dr=9640&refresh_token=589b75f3&x-expires=1771927200&x-signature=YV%2Bc3%2F9F0UmCLJcLIz6%2FllBotfk%3D&t=4d5b0474&ps=13740610&shp=30310797&shcp=ff37627b&idc=useast8,[],[]
https://www.tiktok.com/@miguelassal/video/7144407447413787909,https://www.tiktok.com/@miguelassal/video/7144407447413787909?_r=1&_t=ZN-93rAkAjcQv0,https://www.tiktok.com/@miguelassal/video/7144407447413787909?_r=1&_t=ZN-93rAkAjcQv0,7353521885781869318,1712125256,2024-04-03T06:20:56.000Z,de 6 a 12 meses luego de una perforación o tatuaje.,2,False,,7144411120130917125,,7014239917455574022,jmiguelena_,https://p19-common-sign.tiktokcdn-us.com/tos-maliva-avt-0068/b4d282ee81239a12ebe92ada26c68dff~tplv-tiktokx-cropcenter:100:100.jpg?dr=9640&refresh_token=7f41cf3d&x-expires=1771927200&x-signature=ZXLUYUDrNX%2BFiCJ80GpF2ICuf3s%3D&t=4d5b0474&ps=13740610&shp=30310797&shcp=ff37627b&idc=useast5,[],[]
https://www.tiktok.com/@miguelassal/video/7144407447413787909,https://www.tiktok.com/@miguelassal/video/7144407447413787909?_r=1&_t=ZN-93rAkAjcQv0,https://www.tiktok.com/@miguelassal/video/7144407447413787909?_r=1&_t=ZN-93rAkAjcQv0,7144626921217164037,1663488128,2022-09-18T08:02:08.000Z,gracias! preguntaré entonces en mi centro de salud,1,False,,7144411120130917125,,6851869254170854405,f.ckthat.sh.t,https://p16-common-sign.tiktokcdn-us.com/tos-alisg-avt-0068/e4f8ddaffa08ab0927699309d35a4a99~tplv-tiktokx-cropcenter:100:100.jpg?dr=9640&refresh_token=a237a02d&x-expires=1771927200&x-signature=MUPDAOwBFmaVgBUqqVO1uB0C%2FWs%3D&t=4d5b0474&ps=13740610&shp=30310797&shcp=ff37627b&idc=useast5,[],[]
https://www.tiktok.com/@miguelassal/video/7144407447413787909,https://www.tiktok.com/@miguelassal/video/7144407447413787909?_r=1&_t=ZN-93rAkAjcQv0,https://www.tiktok.com/@miguelassal/video/7144407447413787909?_r=1&_t=ZN-93rAkAjcQv0,7144448387487499014,1663446536,2022-09-17T20:28:56.000Z,depende del centro de salud al que acudas ya que en algunos es medio año y en otros es un año o más,2,False,,7144411120130917125,,6869847972264297478,nosoyamlover,https://p16-common-sign.tiktokcdn-us.com/tos-maliva-avt-0068/5359430e0f71eed92430fd8bbee1499c~tplv-tiktokx-cropcenter:100:100.jpg?dr=9640&refresh_token=48d7c242&x-expires=1771927200&x-signature=wwQGWqEBxjMFUh7VIz1J1blj0%2Bo%3D&t=4d5b0474&ps=13740610&shp=30310797&shcp=ff37627b&idc=useast5,[],[]
https://www.tiktok.com/@miguelassal/video/7144407447413787909,https://www.tiktok.com/@miguelassal/video/7144407447413787909?_r=1&_t=ZN-93rAkAjcQv0,https://www.tiktok.com/@miguelassal/video/7144407447413787909?_r=1&_t=ZN-93rAkAjcQv0,7353521622898737926,1712125190,2024-04-03T06:19:50.000Z,Tienes que ser mayor de edad,0,False,,7145444836619158278,,7014239917455574022,jmiguelena_,https://p16-sign-va.tiktokcdn.com/tos-maliva-avt-0068/b4d282ee81239a12ebe92ada26c68dff~tplv-tiktokx-cropcenter:100:100.jpg?dr=14579&refresh_token=5f0f43d1&x-expires=1771927200&x-signature=Vi7A4t3LOGkAWVuzcN0c1lfVN2A%3D&t=4d5b0474&ps=13740610&shp=30310797&shcp=ff37627b&idc=my2,[],[]
https://www.tiktok.com/@miguelassal/video/7144407447413787909,https://www.tiktok.com/@miguelassal/video/7144407447413787909?_r=1&_t=ZN-93rAkAjcQv0,https://www.tiktok.com/@miguelassal/video/7144407447413787909?_r=1&_t=ZN-93rAkAjcQv0,7287110835171132166,1696662718,2023-10-07T07:11:58.000Z,tienes que ser ahuevo mayor de edad,0,False,,7145444836619158278,,6956816012105090053,chile_miguelito,https://p16-sign-va.tiktokcdn.com/tos-maliva-avt-0068/71d583f46e5104b7f1e5d4360e985d07~tplv-tiktokx-cropcenter:100:100.jpg?dr=14579&refresh_token=c8173ccc&x-expires=1771927200&x-signature=CHHLeRTDHhpRS2XVA48FZh3dreg%3D&t=4d5b0474&ps=13740610&shp=30310797&shcp=ff37627b&idc=my2,[],[]
https://www.tiktok.com/@miguelassal/video/7144407447413787909,https://www.tiktok.com/@miguelassal/video/7144407447413787909?_r=1&_t=ZN-93rAkAjcQv0,https://www.tiktok.com/@miguelassal/video/7144407447413787909?_r=1&_t=ZN-93rAkAjcQv0,7163668534873244422,1667921572,2022-11-08T15:32:52.000Z,"En chile si se puede, con la autorización escrita del tutor legal",0,False,,7145444836619158278,,6821982638824440838,catalinateppott,https://p16-sign-va.tiktokcdn.com/tos-maliva-avt-0068/001d7e4e53a8485c5e461f6142538bd2~tplv-tiktokx-cropcenter:100:100.jpg?dr=14579&refresh_token=46ff65ff&x-expires=1771927200&x-signature=QsElR85GI1rrqWBhPXYW%2Bcfqc4g%3D&t=4d5b0474&ps=13740610&shp=30310797&shcp=ff37627b&idc=my2,[],[]
https://www.tiktok.com/@miguelassal/video/7144407447413787909,https://www.tiktok.com/@miguelassal/video/7144407447413787909?_r=1&_t=ZN-93rAkAjcQv0,https://www.tiktok.com/@miguelassal/video/7144407447413787909?_r=1&_t=ZN-93rAkAjcQv0,7287110758860260101,1696662705,2023-10-07T07:11:45.000Z,al Chile no se puede Bro,0,False,,7145444836619158278,,6956816012105090053,chile_miguelito,https://p16-sign-va.tiktokcdn.com/tos-maliva-avt-0068/71d583f46e5104b7f1e5d4360e985d07~tplv-tiktokx-cropcenter:100:100.jpg?dr=14579&refresh_token=c8173ccc&x-expires=1771927200&x-signature=CHHLeRTDHhpRS2XVA48FZh3dreg%3D&t=4d5b0474&ps=13740610&shp=30310797&shcp=ff37627b&idc=my2,[],[]
https://www.tiktok.com/@miguelassal/video/7144407447413787909,https://www.tiktok.com/@miguelassal/video/7144407447413787909?_r=1&_t=ZN-93rAkAjcQv0,https://www.tiktok.com/@miguelassal/video/7144407447413787909?_r=1&_t=ZN-93rAkAjcQv0,7158422560907772677,1666700149,2022-10-25T12:15:49.000Z,"La donación debe de ser gratuita al menos así es en México, en EU. Ahí si pagan x la sangre 👍",0,False,,7145901732785275654,,7131162264199054341,solmexicali,https://p16-common-sign.tiktokcdn-eu.com/tos-maliva-avt-0068/7135791669451161605~tplv-tiktokx-cropcenter:100:100.jpg?dr=10399&refresh_token=ecba4665&x-expires=1771927200&x-signature=H0uTD2qG973ffXe18ejfLpW1kmw%3D&t=4d5b0474&ps=13740610&shp=30310797&shcp=ff37627b&idc=no1a,[],[]
https://www.tiktok.com/@miguelassal/video/7144407447413787909,https://www.tiktok.com/@miguelassal/video/7144407447413787909?_r=1&_t=ZN-93rAkAjcQv0,https://www.tiktok.com/@miguelassal/video/7144407447413787909?_r=1&_t=ZN-93rAkAjcQv0,7144564706034991877,1663473638,2022-09-18T04:00:38.000Z,quiero estudiar paramédico que me recomiendas,0,False,False,,0.0,7056119529059599366,josuejimenez4929,https://p19-common-sign.tiktokcdn-us.com/tos-maliva-avt-0068/7125587765522006022~tplv-tiktokx-cropcenter:100:100.jpg?dr=9640&refresh_token=4fba51b1&x-expires=1771927200&x-signature=E1zjlZrb15EeNZGw7KtJf4cvgp0%3D&t=4d5b0474&ps=13740610&shp=30310797&shcp=ff37627b&idc=useast5,[],[]
https://www.tiktok.com/@miguelassal/video/7144407447413787909,https://www.tiktok.com/@miguelassal/video/7144407447413787909?_r=1&_t=ZN-93rAkAjcQv0,https://www.tiktok.com/@miguelassal/video/7144407447413787909?_r=1&_t=ZN-93rAkAjcQv0,7353522192564601605,1712125317,2024-04-03T06:21:57.000Z,A las mujeres se les dificulta más el donar por tener la famosa regla y por tener menos hierro en la sangre.,0,False,,7154899331542844165,,7014239917455574022,jmiguelena_,https://p16-common-sign.tiktokcdn-us.com/tos-maliva-avt-0068/b4d282ee81239a12ebe92ada26c68dff~tplv-tiktokx-cropcenter:100:100.jpg?dr=9640&refresh_token=f468bc1e&x-expires=1771927200&x-signature=yXn6X4IHFQrxYIqVMwJINWjGAlU%3D&t=4d5b0474&ps=13740610&shp=30310797&shcp=ff37627b&idc=useast8,[],[]
https://www.tiktok.com/@miguelassal/video/7144407447413787909,https://www.tiktok.com/@miguelassal/video/7144407447413787909?_r=1&_t=ZN-93rAkAjcQv0,https://www.tiktok.com/@miguelassal/video/7144407447413787909?_r=1&_t=ZN-93rAkAjcQv0,7353521825609433862,1712125236,2024-04-03T06:20:36.000Z,"Será el almuerzo, porque recomiendan que antes de donar tienes que desayunar bien sólido.",0,False,,7144421268027081477,,7014239917455574022,jmiguelena_,https://p16-common-sign.tiktokcdn-us.com/tos-maliva-avt-0068/b4d282ee81239a12ebe92ada26c68dff~tplv-tiktokx-cropcenter:100:100.jpg?dr=9640&refresh_token=f468bc1e&x-expires=1771927200&x-signature=yXn6X4IHFQrxYIqVMwJINWjGAlU%3D&t=4d5b0474&ps=13740610&shp=30310797&shcp=ff37627b&idc=useast5,[],[]
https://www.tiktok.com/@miguelassal/video/7144407447413787909,https://www.tiktok.com/@miguelassal/video/7144407447413787909?_r=1&_t=ZN-93rAkAjcQv0,https://www.tiktok.com/@miguelassal/video/7144407447413787909?_r=1&_t=ZN-93rAkAjcQv0,7144414461775708934,1663438638,2022-09-17T18:17:18.000Z,"salvó 3 vidas, pero en el proceso me voy yo",0,False,False,,0.0,6947037550365082630,mrtartaria_nolodigah,https://p16-common-sign.tiktokcdn-eu.com/musically-maliva-obj/1594805258216454~tplv-tiktokx-cropcenter:100:100.jpg?dr=10399&refresh_token=f269eba9&x-expires=1771927200&x-signature=YDXddc9fHpgoHCBEa8JoKOpj9yw%3D&t=4d5b0474&ps=13740610&shp=30310797&shcp=ff37627b&idc=no1a,[],[]
https://www.tiktok.com/@miguelassal/video/7144407447413787909,https://www.tiktok.com/@miguelassal/video/7144407447413787909?_r=1&_t=ZN-93rAkAjcQv0,https://www.tiktok.com/@miguelassal/video/7144407447413787909?_r=1&_t=ZN-93rAkAjcQv0,7144423555417342726,1663440757,2022-09-17T18:52:37.000Z,"menos para la gente como yo que tiene ansiedad, y se marea con las agujas y la sangre 🥺",0,False,False,,0.0,6814796726495478790,daniellllllllllllllllllo,https://p16-common-sign-useastred.tiktokcdn-eu.com/tos-useast2a-avt-0068-euttp/801566da4cd0127a73ef7f1f909acbaa~tplv-tiktokx-cropcenter:100:100.jpg?dr=10399&refresh_token=cc04c44d&x-expires=1771927200&x-signature=OluSH3xF9LB3TbwysZE4rVUIdwE%3D&t=4d5b0474&ps=13740610&shp=30310797&shcp=ff37627b&idc=no1a,[],[]
https://www.tiktok.com/@miguelassal/video/7144407447413787909,https://www.tiktok.com/@miguelassal/video/7144407447413787909?_r=1&_t=ZN-93rAkAjcQv0,https://www.tiktok.com/@miguelassal/video/7144407447413787909?_r=1&_t=ZN-93rAkAjcQv0,7513629257878307590,1749403147,2025-06-08T17:19:07.000Z,😂,0,False,False,,0.0,7464757082643268625,www.yosibet.com,https://p16-common-sign.tiktokcdn-eu.com/tos-maliva-avt-0068/e7275580cbc71f1b070a7bd6741ba47e~tplv-tiktokx-cropcenter:100:100.jpg?dr=10399&refresh_token=67a440c6&x-expires=1771927200&x-signature=9BEKHvWb0a6hXmPIIAGzj4EZuDA%3D&t=4d5b0474&ps=13740610&shp=30310797&shcp=ff37627b&idc=no1a,[],[]
https://www.tiktok.com/@miguelassal/video/7144407447413787909,https://www.tiktok.com/@miguelassal/video/7144407447413787909?_r=1&_t=ZN-93rAkAjcQv0,https://www.tiktok.com/@miguelassal/video/7144407447413787909?_r=1&_t=ZN-93rAkAjcQv0,7450199474138596114,1734634758,2024-12-19T18:59:18.000Z,🥰,0,False,False,,0.0,6638660155659010054,lucerotovar79,https://p16-common-sign.tiktokcdn-eu.com/tos-maliva-avt-0068/7330390645947367429~tplv-tiktokx-cropcenter:100:100.jpg?dr=10399&refresh_token=9931fdf9&x-expires=1771927200&x-signature=GBQQCFib%2BBg63gkXFWeVro2bK%2Bo%3D&t=4d5b0474&ps=13740610&shp=30310797&shcp=ff37627b&idc=no1a,[],[]
https://www.tiktok.com/@miguelassal/video/7144407447413787909,https://www.tiktok.com/@miguelassal/video/7144407447413787909?_r=1&_t=ZN-93rAkAjcQv0,https://www.tiktok.com/@miguelassal/video/7144407447413787909?_r=1&_t=ZN-93rAkAjcQv0,7246840429148046107,1687286550,2023-06-20T18:42:30.000Z,@Soy como el fenix🦅,0,False,False,,0.0,6832613284929618949,willianrouss,https://p19-common-sign.tiktokcdn-eu.com/tos-maliva-avt-0068/7331068689501929477~tplv-tiktokx-cropcenter:100:100.jpg?dr=10399&refresh_token=3b43d614&x-expires=1771927200&x-signature=ww42Ed07INW5B4x3%2B8JQIaknjOc%3D&t=4d5b0474&ps=13740610&shp=30310797&shcp=ff37627b&idc=no1a,['@Soy como el fenix🦅'],"[{'userId': '6958338062103348230', 'nickName': 'Soy como el fenix🦅', 'profileUrl': 'https://www.tiktok.com/@6958338062103348230', 'secUid': 'MS4wLjABAAAAr9sOYjZRSW3xcmOkaW7wyIl_JQC3BRPL4PfrGdHRKLBhzuKAW-pkb1aXB5KTIIr8'}]"
https://www.tiktok.com/@miguelassal/video/7144407447413787909,https://www.tiktok.com/@miguelassal/video/7144407447413787909?_r=1&_t=ZN-93rAkAjcQv0,https://www.tiktok.com/@miguelassal/video/7144407447413787909?_r=1&_t=ZN-93rAkAjcQv0,7144813131317936901,1663531452,2022-09-18T20:04:12.000Z,Si me pagan si de gracias uno no vive,1,False,False,,1.0,6877984689530110981,villaop5,https://p16-common-sign.tiktokcdn-eu.com/tos-maliva-avt-0068/33b62d21a35b999ed315486d017a463a~tplv-tiktokx-cropcenter:100:100.jpg?dr=10399&refresh_token=fab6dc1b&x-expires=1771927200&x-signature=rvA4nMboJY6zUuBzGKKqF2nTgzQ%3D&t=4d5b0474&ps=13740610&shp=30310797&shcp=ff37627b&idc=no1a,[],[]
https://www.tiktok.com/@miguelassal/video/7144407447413787909,https://www.tiktok.com/@miguelassal/video/7144407447413787909?_r=1&_t=ZN-93rAkAjcQv0,https://www.tiktok.com/@miguelassal/video/7144407447413787909?_r=1&_t=ZN-93rAkAjcQv0,7513426022219891512,1749355846,2025-06-08T04:10:46.000Z,😘,0,False,False,,0.0,6860220387188655110,zoearianabl,https://p19-common-sign.tiktokcdn-eu.com/tos-alisg-avt-0068/b7045516af9131e843139d848ad94d5c~tplv-tiktokx-cropcenter:100:100.jpg?dr=10399&refresh_token=96d49a7b&x-expires=1771927200&x-signature=9qOcJRYxeyikG89yHiru4u4jBU8%3D&t=4d5b0474&ps=13740610&shp=30310797&shcp=ff37627b&idc=no1a,[],[]
https://www.tiktok.com/@miguelassal/video/7144407447413787909,https://www.tiktok.com/@miguelassal/video/7144407447413787909?_r=1&_t=ZN-93rAkAjcQv0,https://www.tiktok.com/@miguelassal/video/7144407447413787909?_r=1&_t=ZN-93rAkAjcQv0,7144522446582121222,1663463802,2022-09-18T01:16:42.000Z,"Me gustaría donar, pero consumo ácido valproico 😔",0,False,False,,0.0,6937065550547977221,dark26alex,https://p16-common-sign.tiktokcdn-eu.com/tos-maliva-avt-0068/7315216895332876293~tplv-tiktokx-cropcenter:100:100.jpg?dr=10399&refresh_token=9868cbad&x-expires=1771927200&x-signature=A0AFAFzuIuzkx%2F1SkgN3mAI%2FPfk%3D&t=4d5b0474&ps=13740610&shp=30310797&shcp=ff37627b&idc=no1a,[],[]
https://www.tiktok.com/@miguelassal/video/7144407447413787909,https://www.tiktok.com/@miguelassal/video/7144407447413787909?_r=1&_t=ZN-93rAkAjcQv0,https://www.tiktok.com/@miguelassal/video/7144407447413787909?_r=1&_t=ZN-93rAkAjcQv0,7353521583983854341,1712125178,2024-04-03T06:19:38.000Z,La sangre no se compra y ni se vende.,0,False,,7144813131317936901,,7014239917455574022,jmiguelena_,https://p16-common-sign.tiktokcdn-us.com/tos-maliva-avt-0068/b4d282ee81239a12ebe92ada26c68dff~tplv-tiktokx-cropcenter:100:100.jpg?dr=9640&refresh_token=f468bc1e&x-expires=1771927200&x-signature=yXn6X4IHFQrxYIqVMwJINWjGAlU%3D&t=4d5b0474&ps=13740610&shp=30310797&shcp=ff37627b&idc=useast8,[],[]
https://www.tiktok.com/@miguelassal/video/7144407447413787909,https://www.tiktok.com/@miguelassal/video/7144407447413787909?_r=1&_t=ZN-93rAkAjcQv0,https://www.tiktok.com/@miguelassal/video/7144407447413787909?_r=1&_t=ZN-93rAkAjcQv0,7170853905117922053,1669594558,2022-11-28T00:15:58.000Z,"En la prueba casi me desmayo parecía un simson :""v",0,False,False,,0.0,6614549370791772162,norma.ms04,https://p16-common-sign.tiktokcdn-eu.com/tos-maliva-avt-0068/6cb58ef58dc8cf508072ca3b9d3a6e14~tplv-tiktokx-cropcenter:100:100.jpg?dr=10399&refresh_token=638d2762&x-expires=1771927200&x-signature=cQAuTekwv%2FROwInmEWrLEp06Cxc%3D&t=4d5b0474&ps=13740610&shp=30310797&shcp=ff37627b&idc=no1a,[],[]
https://www.tiktok.com/@miguelassal/video/7144407447413787909,https://www.tiktok.com/@miguelassal/video/7144407447413787909?_r=1&_t=ZN-93rAkAjcQv0,https://www.tiktok.com/@miguelassal/video/7144407447413787909?_r=1&_t=ZN-93rAkAjcQv0,7144409074527748869,1663437384,2022-09-17T17:56:24.000Z,que buen video tercero bro😁,2,False,False,,0.0,6861359911931872262,ik66g,https://p16-common-sign.tiktokcdn-eu.com/tos-maliva-avt-0068/d0538379f4e56abf54a8522efadc5fe6~tplv-tiktokx-cropcenter:100:100.jpg?dr=10399&refresh_token=155cfdca&x-expires=1771927200&x-signature=8f79B5J7gtGwVTPoGQ0fKXezKUo%3D&t=4d5b0474&ps=13740610&shp=30310797&shcp=ff37627b&idc=no1a,[],[]
